step,time_s,time_yr,rank,fi,dof,owned_dof_idx,event,value,threshold,sigma_n_eff,normal_traction,normal_stress,normal_corr,V_mag
1,1.00000000e-02,3.16880878e-10,134,25,1,76,normal_corr_dominates,5.75737352e+00,1.00000000e+00,2.49999997e+07,-3.12571722e-01,-4.62563925e-02,-2.66315330e-01,1.00000229e-09
1,1.00000000e-02,3.16880878e-10,134,25,2,77,normal_corr_dominates,1.69731696e+00,1.00000000e+00,2.50000000e+07,3.22553671e-02,-4.62563925e-02,7.85117596e-02,1.00000249e-09
1,1.00000000e-02,3.16880878e-10,134,27,0,81,corr_ratio_high,5.61453049e-01,5.00000000e-01,2.50000000e+07,-3.84941741e-02,-5.90378176e-02,2.05436435e-02,1.00000203e-09
1,1.00000000e-02,3.16880878e-10,134,27,2,83,normal_corr_dominates,1.06787333e+00,1.00000000e+00,2.50000000e+07,4.00709311e-03,-5.90378176e-02,6.30449107e-02,1.00000253e-09
1,1.00000000e-02,3.16880878e-10,134,15,0,45,normal_corr_dominates,2.11149844e+00,1.00000000e+00,2.49999997e+07,-3.27409013e-01,-1.05225511e-01,-2.22183502e-01,1.00000233e-09
1,1.00000000e-02,3.16880878e-10,134,15,2,47,normal_corr_dominates,2.94622202e+00,1.00000000e+00,2.50000002e+07,2.04792206e-01,-1.05225511e-01,3.10017717e-01,1.00000273e-09
2,2.87484385e-02,9.10983044e-10,134,25,1,76,normal_corr_dominates,5.83730838e+00,1.00000000e+00,2.49999991e+07,-8.91678735e-01,-1.30413707e-01,-7.61265027e-01,1.00000652e-09
2,2.87484385e-02,9.10983044e-10,134,25,2,77,normal_corr_dominates,1.72289056e+00,1.00000000e+00,2.50000001e+07,9.42748386e-02,-1.30413707e-01,2.24688546e-01,1.00000710e-09
2,2.87484385e-02,9.10983044e-10,134,27,0,81,corr_ratio_high,5.62038578e-01,5.00000000e-01,2.49999999e+07,-1.07890117e-01,-1.66758263e-01,5.88681456e-02,1.00000580e-09
2,2.87484385e-02,9.10983044e-10,134,27,2,83,normal_corr_dominates,1.08052943e+00,1.00000000e+00,2.50000000e+07,1.34289471e-02,-1.66758263e-01,1.80187210e-01,1.00000722e-09
2,2.87484385e-02,9.10983044e-10,134,15,0,45,normal_corr_dominates,2.13425322e+00,1.00000000e+00,2.49999991e+07,-9.34955428e-01,-2.98302454e-01,-6.36652974e-01,1.00000666e-09
2,2.87484385e-02,9.10983044e-10,134,15,2,47,normal_corr_dominates,2.97509063e+00,1.00000000e+00,2.50000006e+07,5.89174383e-01,-2.98302454e-01,8.87476837e-01,1.00000779e-09
3,5.05458994e-02,1.60170290e-09,134,25,1,76,normal_corr_dominates,5.91739780e+00,1.00000000e+00,2.49999984e+07,-1.55558230e+00,-2.24879694e-01,-1.33070261e+00,1.00001138e-09
3,5.05458994e-02,1.60170290e-09,134,25,2,77,normal_corr_dominates,1.74849541e+00,1.00000000e+00,2.50000002e+07,1.68321419e-01,-2.24879694e-01,3.93201114e-01,1.00001239e-09
3,5.05458994e-02,1.60170290e-09,134,27,0,81,corr_ratio_high,5.62603628e-01,5.00000000e-01,2.49999998e+07,-1.84930153e-01,-2.88076543e-01,1.03146389e-01,1.00001012e-09
3,5.05458994e-02,1.60170290e-09,134,27,2,83,normal_corr_dominates,1.09313419e+00,1.00000000e+00,2.50000000e+07,2.68297740e-02,-2.88076543e-01,3.14906317e-01,1.00001259e-09
3,5.05458994e-02,1.60170290e-09,134,15,0,45,normal_corr_dominates,2.15672205e+00,1.00000000e+00,2.49999984e+07,-1.63266792e+00,-5.17203573e-01,-1.11546435e+00,1.00001162e-09
3,5.05458994e-02,1.60170290e-09,134,15,2,47,normal_corr_dominates,3.00356434e+00,1.00000000e+00,2.50000010e+07,1.03625064e+00,-5.17203573e-01,1.55345421e+00,1.00001359e-09
4,7.92731444e-02,2.51201436e-09,134,25,1,76,normal_corr_dominates,6.00810899e+00,1.00000000e+00,2.49999976e+07,-2.41794363e+00,-3.45020838e-01,-2.07292280e+00,1.00001769e-09
4,7.92731444e-02,2.51201436e-09,134,25,2,77,normal_corr_dominates,1.77761134e+00,1.00000000e+00,2.50000003e+07,2.68292114e-01,-3.45020838e-01,6.13312952e-01,1.00001925e-09
4,7.92731444e-02,2.51201436e-09,134,27,0,81,corr_ratio_high,5.63218018e-01,5.00000000e-01,2.49999997e+07,-2.81803574e-01,-4.42871796e-01,1.61068222e-01,1.00001572e-09
4,7.92731444e-02,2.51201436e-09,134,27,2,83,normal_corr_dominates,1.10743843e+00,1.00000000e+00,2.50000000e+07,4.75814514e-02,-4.42871796e-01,4.90453247e-01,1.00001957e-09
4,7.92731444e-02,2.51201436e-09,134,15,0,45,normal_corr_dominates,2.18194826e+00,1.00000000e+00,2.49999975e+07,-2.54044461e+00,-7.98392809e-01,-1.74205180e+00,1.00001807e-09
4,7.92731444e-02,2.51201436e-09,134,15,2,47,normal_corr_dominates,3.03537819e+00,1.00000000e+00,2.50000016e+07,1.62503131e+00,-7.98392809e-01,2.42342412e+00,1.00002111e-09
5,1.17411612e-01,3.72054946e-09,134,25,0,75,normal_corr_dominates,1.00778600e+00,1.00000000e+00,2.49999990e+07,-1.00099231e+00,-4.98555280e-01,-5.02437030e-01,1.00003101e-09
5,1.17411612e-01,3.72054946e-09,134,25,1,76,normal_corr_dominates,6.10991899e+00,1.00000000e+00,2.49999965e+07,-3.54468765e+00,-4.98555280e-01,-3.04613237e+00,1.00002594e-09
5,1.17411612e-01,3.72054946e-09,134,25,2,77,normal_corr_dominates,1.81055481e+00,1.00000000e+00,2.50000004e+07,4.04106378e-01,-4.98555280e-01,9.02661658e-01,1.00002822e-09
5,1.17411612e-01,3.72054946e-09,134,27,0,81,corr_ratio_high,5.63877432e-01,5.00000000e-01,2.49999996e+07,-4.04090942e-01,-6.41343886e-01,2.37252944e-01,1.00002304e-09
5,1.17411612e-01,3.72054946e-09,134,27,2,83,normal_corr_dominates,1.12363299e+00,1.00000000e+00,2.50000001e+07,7.92912624e-02,-6.41343886e-01,7.20635148e-01,1.00002869e-09
5,1.17411612e-01,3.72054946e-09,134,15,0,45,normal_corr_dominates,2.21018052e+00,1.00000000e+00,2.49999963e+07,-3.72853471e+00,-1.16147198e+00,-2.56706273e+00,1.00002651e-09
5,1.17411612e-01,3.72054946e-09,134,15,2,47,normal_corr_dominates,3.07069519e+00,1.00000000e+00,2.50000024e+07,2.40505443e+00,-1.16147198e+00,3.56652640e+00,1.00003094e-09
6,1.50778653e-01,4.77788721e-09,134,25,0,75,normal_corr_dominates,1.02191480e+00,1.00000000e+00,2.49999987e+07,-1.27072498e+00,-6.28476027e-01,-6.42248956e-01,1.00003951e-09
6,1.50778653e-01,4.77788721e-09,134,25,1,76,normal_corr_dominates,6.18622874e+00,1.00000000e+00,2.49999955e+07,-4.51637249e+00,-6.28476027e-01,-3.88789646e+00,1.00003305e-09
6,1.50778653e-01,4.77788721e-09,134,25,2,77,normal_corr_dominates,1.83548894e+00,1.00000000e+00,2.50000005e+07,5.25084769e-01,-6.28476027e-01,1.15356080e+00,1.00003595e-09
6,1.50778653e-01,4.77788721e-09,134,27,0,81,corr_ratio_high,5.64352431e-01,5.00000000e-01,2.49999995e+07,-5.06440122e-01,-8.09739300e-01,3.03299177e-01,1.00002935e-09
6,1.50778653e-01,4.77788721e-09,134,27,2,83,normal_corr_dominates,1.13591913e+00,1.00000000e+00,2.50000001e+07,1.10059057e-01,-8.09739300e-01,9.19798357e-01,1.00003655e-09
6,1.50778653e-01,4.77788721e-09,134,15,0,45,normal_corr_dominates,2.23140331e+00,1.00000000e+00,2.49999952e+07,-4.75459876e+00,-1.47137275e+00,-3.28322601e+00,1.00003378e-09
6,1.50778653e-01,4.77788721e-09,134,15,2,47,normal_corr_dominates,3.09700312e+00,1.00000000e+00,2.50000031e+07,3.08547324e+00,-1.47137275e+00,4.55684599e+00,1.00003940e-09
7,1.79553469e-01,5.68970609e-09,134,25,0,75,normal_corr_dominates,1.03277542e+00,1.00000000e+00,2.49999985e+07,-1.49982421e+00,-7.37820909e-01,-7.62003297e-01,1.00004676e-09
7,1.79553469e-01,5.68970609e-09,134,25,1,76,normal_corr_dominates,6.24470001e+00,1.00000000e+00,2.49999947e+07,-5.34529114e+00,-7.37820909e-01,-4.60747024e+00,1.00003912e-09
7,1.79553469e-01,5.68970609e-09,134,25,2,77,normal_corr_dominates,1.85475893e+00,1.00000000e+00,2.50000006e+07,6.30659014e-01,-7.37820909e-01,1.36847992e+00,1.00004254e-09
7,1.79553469e-01,5.68970609e-09,134,27,0,81,corr_ratio_high,5.64706053e-01,5.00000000e-01,2.49999994e+07,-5.91874867e-01,-9.51719537e-01,3.59844670e-01,1.00003473e-09
7,1.79553469e-01,5.68970609e-09,134,27,2,83,normal_corr_dominates,1.14543955e+00,1.00000000e+00,2.50000001e+07,1.38417661e-01,-9.51719537e-01,1.09013720e+00,1.00004326e-09
7,1.79553469e-01,5.68970609e-09,134,15,0,45,normal_corr_dominates,2.24775487e+00,1.00000000e+00,2.49999944e+07,-5.63081620e+00,-1.73375653e+00,-3.89705968e+00,1.00003999e-09
7,1.79553469e-01,5.68970609e-09,134,15,2,47,normal_corr_dominates,3.11711831e+00,1.00000000e+00,2.50000037e+07,3.67056768e+00,-1.73375653e+00,5.40432421e+00,1.00004662e-09
8,2.09311790e-01,6.63269037e-09,134,25,0,75,normal_corr_dominates,1.04296261e+00,1.00000000e+00,2.49999983e+07,-1.73379854e+00,-8.48668758e-01,-8.85129783e-01,1.00005419e-09
8,2.09311790e-01,6.63269037e-09,134,25,1,76,normal_corr_dominates,6.29938263e+00,1.00000000e+00,2.49999938e+07,-6.19475799e+00,-8.48668758e-01,-5.34608924e+00,1.00004533e-09
8,2.09311790e-01,6.63269037e-09,134,25,2,77,normal_corr_dominates,1.87292336e+00,1.00000000e+00,2.50000007e+07,7.40822788e-01,-8.48668758e-01,1.58949155e+00,1.00004930e-09
8,2.09311790e-01,6.63269037e-09,134,27,0,81,corr_ratio_high,5.65029150e-01,5.00000000e-01,2.49999993e+07,-6.77888544e-01,-1.09584633e+00,4.17957790e-01,1.00004024e-09
8,2.09311790e-01,6.63269037e-09,134,27,2,83,normal_corr_dominates,1.15443815e+00,1.00000000e+00,2.50000002e+07,1.69240480e-01,-1.09584633e+00,1.26508681e+00,1.00005013e-09
8,2.09311790e-01,6.63269037e-09,134,15,0,45,normal_corr_dominates,2.26314934e+00,1.00000000e+00,2.49999935e+07,-6.52951659e+00,-2.00098614e+00,-4.52853045e+00,1.00004636e-09
8,2.09311790e-01,6.63269037e-09,134,15,2,47,normal_corr_dominates,3.13592783e+00,1.00000000e+00,2.50000043e+07,4.27396198e+00,-2.00098614e+00,6.27494812e+00,1.00005401e-09
9,2.39001425e-01,7.57349813e-09,134,25,0,75,normal_corr_dominates,1.05224285e+00,1.00000000e+00,2.49999980e+07,-1.96458842e+00,-9.57288471e-01,-1.00729995e+00,1.00006154e-09
9,2.39001425e-01,7.57349813e-09,134,25,1,76,normal_corr_dominates,6.34904801e+00,1.00000000e+00,2.49999930e+07,-7.03515893e+00,-9.57288471e-01,-6.07787046e+00,1.00005148e-09
9,2.39001425e-01,7.57349813e-09,134,25,2,77,normal_corr_dominates,1.88955046e+00,1.00000000e+00,2.50000009e+07,8.51556395e-01,-9.57288471e-01,1.80884487e+00,1.00005598e-09
9,2.39001425e-01,7.57349813e-09,134,27,0,81,corr_ratio_high,5.65316568e-01,5.00000000e-01,2.49999992e+07,-7.61638524e-01,-1.23723532e+00,4.75596793e-01,1.00004569e-09
9,2.39001425e-01,7.57349813e-09,134,27,2,83,normal_corr_dominates,1.16269860e+00,1.00000000e+00,2.50000002e+07,2.01296451e-01,-1.23723532e+00,1.43853177e+00,1.00005692e-09
9,2.39001425e-01,7.57349813e-09,134,15,0,45,normal_corr_dominates,2.27723903e+00,1.00000000e+00,2.49999926e+07,-7.41930677e+00,-2.26388942e+00,-5.15541735e+00,1.00005265e-09
9,2.39001425e-01,7.57349813e-09,134,15,2,47,normal_corr_dominates,3.15303165e+00,1.00000000e+00,2.50000049e+07,4.87422557e+00,-2.26388942e+00,7.13811500e+00,1.00006131e-09
10,2.68058914e-01,8.49427441e-09,134,25,0,75,normal_corr_dominates,1.06060134e+00,1.00000000e+00,2.49999978e+07,-2.18817947e+00,-1.06191306e+00,-1.12626642e+00,1.00006867e-09
10,2.68058914e-01,8.49427441e-09,134,25,1,76,normal_corr_dominates,6.39365037e+00,1.00000000e+00,2.49999921e+07,-7.85141387e+00,-1.06191306e+00,-6.78950081e+00,1.00005745e-09
10,2.68058914e-01,8.49427441e-09,134,25,2,77,normal_corr_dominates,1.90459431e+00,1.00000000e+00,2.50000010e+07,9.60600506e-01,-1.06191306e+00,2.02251356e+00,1.00006247e-09
10,2.68058914e-01,8.49427441e-09,134,27,0,81,corr_ratio_high,5.65570029e-01,5.00000000e-01,2.49999992e+07,-8.41844051e-01,-1.37354910e+00,5.31705052e-01,1.00005098e-09
10,2.68058914e-01,8.49427441e-09,134,27,2,83,normal_corr_dominates,1.17019365e+00,1.00000000e+00,2.50000002e+07,2.33769332e-01,-1.37354910e+00,1.60731844e+00,1.00006352e-09
10,2.68058914e-01,8.49427441e-09,134,15,0,45,normal_corr_dominates,2.28999558e+00,1.00000000e+00,2.49999917e+07,-8.28412063e+00,-2.51797318e+00,-5.76614746e+00,1.00005877e-09
10,2.68058914e-01,8.49427441e-09,134,15,2,47,normal_corr_dominates,3.16842430e+00,1.00000000e+00,2.50000055e+07,5.46003422e+00,-2.51797318e+00,7.97800740e+00,1.00006841e-09
11,2.92309924e-01,9.26274254e-09,134,25,0,75,normal_corr_dominates,1.06710205e+00,1.00000000e+00,2.49999976e+07,-2.37321490e+00,-1.14808792e+00,-1.22512698e+00,1.00007458e-09
11,2.92309924e-01,9.26274254e-09,134,25,1,76,normal_corr_dominates,6.42824939e+00,1.00000000e+00,2.49999915e+07,-8.52828341e+00,-1.14808792e+00,-7.38019549e+00,1.00006240e-09
11,2.92309924e-01,9.26274254e-09,134,25,2,77,normal_corr_dominates,1.91634083e+00,1.00000000e+00,2.50000011e+07,1.05203984e+00,-1.14808792e+00,2.20012776e+00,1.00006785e-09
11,2.92309924e-01,9.26274254e-09,134,27,0,81,corr_ratio_high,5.65763731e-01,5.00000000e-01,2.49999991e+07,-9.07585495e-01,-1.48590365e+00,5.78318156e-01,1.00005537e-09
11,2.92309924e-01,9.26274254e-09,134,27,2,83,normal_corr_dominates,1.17606090e+00,1.00000000e+00,2.50000003e+07,2.61609531e-01,-1.48590365e+00,1.74751318e+00,1.00006899e-09
11,2.92309924e-01,9.26274254e-09,134,15,0,45,normal_corr_dominates,2.29996711e+00,1.00000000e+00,2.49999910e+07,-9.00166226e+00,-2.72780363e+00,-6.27385863e+00,1.00006384e-09
11,2.92309924e-01,9.26274254e-09,134,15,2,47,normal_corr_dominates,3.18039483e+00,1.00000000e+00,2.50000059e+07,5.94768893e+00,-2.72780363e+00,8.67549256e+00,1.00007428e-09
12,3.17118632e-01,1.00488830e-08,134,25,0,75,normal_corr_dominates,1.07335769e+00,1.00000000e+00,2.49999974e+07,-2.56114594e+00,-1.23526488e+00,-1.32588105e+00,1.00008060e-09
12,3.17118632e-01,1.00488830e-08,134,25,1,76,normal_corr_dominates,6.46146658e+00,1.00000000e+00,2.49999908e+07,-9.21688762e+00,-1.23526488e+00,-7.98162274e+00,1.00006744e-09
12,3.17118632e-01,1.00488830e-08,134,25,2,77,normal_corr_dominates,1.92768394e+00,1.00000000e+00,2.50000011e+07,1.14593539e+00,-1.23526488e+00,2.38120027e+00,1.00007332e-09
12,3.17118632e-01,1.00488830e-08,134,27,0,81,corr_ratio_high,5.65947380e-01,5.00000000e-01,2.49999990e+07,-9.73812901e-01,-1.59962699e+00,6.25814089e-01,1.00005983e-09
12,3.17118632e-01,1.00488830e-08,134,27,2,83,normal_corr_dominates,1.18173982e+00,1.00000000e+00,2.50000003e+07,2.90715926e-01,-1.59962699e+00,1.89034292e+00,1.00007456e-09
12,3.17118632e-01,1.00488830e-08,134,15,0,45,normal_corr_dominates,2.30960906e+00,1.00000000e+00,2.49999903e+07,-9.73199480e+00,-2.94052700e+00,-6.79146781e+00,1.00006900e-09
12,3.17118632e-01,1.00488830e-08,134,15,2,47,normal_corr_dominates,3.19191855e+00,1.00000000e+00,2.50000064e+07,6.44539568e+00,-2.94052700e+00,9.38592268e+00,1.00008026e-09
13,3.43545307e-01,1.08862939e-08,134,25,0,75,normal_corr_dominates,1.07962945e+00,1.00000000e+00,2.49999972e+07,-2.75993089e+00,-1.32712628e+00,-1.43280461e+00,1.00008697e-09
13,3.43545307e-01,1.08862939e-08,134,25,1,76,normal_corr_dominates,6.49469041e+00,1.00000000e+00,2.49999901e+07,-9.94640059e+00,-1.32712628e+00,-8.61927431e+00,1.00007277e-09
13,3.43545307e-01,1.08862939e-08,134,25,2,77,normal_corr_dominates,1.93909610e+00,1.00000000e+00,2.50000012e+07,1.24629912e+00,-1.32712628e+00,2.57342539e+00,1.00007911e-09
13,3.43545307e-01,1.08862939e-08,134,27,0,81,corr_ratio_high,5.66128854e-01,5.00000000e-01,2.49999990e+07,-1.04331087e+00,-1.71952002e+00,6.76209153e-01,1.00006455e-09
13,3.43545307e-01,1.08862939e-08,134,27,2,83,normal_corr_dominates,1.18746699e+00,1.00000000e+00,2.50000003e+07,3.22353241e-01,-1.71952002e+00,2.04187326e+00,1.00008045e-09
13,3.43545307e-01,1.08862939e-08,134,15,0,45,normal_corr_dominates,2.31932567e+00,1.00000000e+00,2.49999895e+07,-1.05060776e+01,-3.16512408e+00,-7.34095353e+00,1.00007447e-09
13,3.43545307e-01,1.08862939e-08,134,15,2,47,normal_corr_dominates,3.20348096e+00,1.00000000e+00,2.50000070e+07,6.97429064e+00,-3.16512408e+00,1.01394147e+01,1.00008659e-09
14,3.70658749e-01,1.17454670e-08,134,25,0,75,normal_corr_dominates,1.08568828e+00,1.00000000e+00,2.49999970e+07,-2.96248451e+00,-1.42038699e+00,-1.54209752e+00,1.00009347e-09
14,3.70658749e-01,1.17454670e-08,134,25,1,76,normal_corr_dominates,6.52670868e+00,1.00000000e+00,2.49999893e+07,-1.06908391e+01,-1.42038699e+00,-9.27045213e+00,1.00007821e-09
14,3.70658749e-01,1.17454670e-08,134,25,2,77,normal_corr_dominates,1.95015955e+00,1.00000000e+00,2.50000013e+07,1.34959426e+00,-1.42038699e+00,2.76998126e+00,1.00008502e-09
14,3.70658749e-01,1.17454670e-08,134,27,0,81,corr_ratio_high,5.66301695e-01,5.00000000e-01,2.49999989e+07,-1.11357955e+00,-1.84129262e+00,7.27713069e-01,1.00006937e-09
14,3.70658749e-01,1.17454670e-08,134,27,2,83,normal_corr_dominates,1.19303281e+00,1.00000000e+00,2.50000004e+07,3.55429886e-01,-1.84129262e+00,2.19672251e+00,1.00008646e-09
14,3.70658749e-01,1.17454670e-08,134,15,0,45,normal_corr_dominates,2.32876351e+00,1.00000000e+00,2.49999887e+07,-1.12963593e+01,-3.39356018e+00,-7.90279912e+00,1.00008004e-09
14,3.70658749e-01,1.17454670e-08,134,15,2,47,normal_corr_dominates,3.21466355e+00,1.00000000e+00,2.50000075e+07,7.51559405e+00,-3.39356018e+00,1.09091542e+01,1.00009304e-09
15,3.96484186e-01,1.25638257e-08,134,25,0,75,normal_corr_dominates,1.09114105e+00,1.00000000e+00,2.49999968e+07,-3.15418879e+00,-1.50835774e+00,-1.64583105e+00,1.00009962e-09
15,3.96484186e-01,1.25638257e-08,134,25,1,76,normal_corr_dominates,6.55545720e+00,1.00000000e+00,2.49999886e+07,-1.13963323e+01,-1.50835774e+00,-9.88797458e+00,1.00008336e-09
15,3.96484186e-01,1.25638257e-08,134,25,2,77,normal_corr_dominates,1.96014959e+00,1.00000000e+00,2.50000014e+07,1.44824906e+00,-1.50835774e+00,2.95660680e+00,1.00009062e-09
15,3.96484186e-01,1.25638257e-08,134,27,0,81,corr_ratio_high,5.66455202e-01,5.00000000e-01,2.49999988e+07,-1.17960877e+00,-1.95620030e+00,7.76591527e-01,1.00007393e-09
15,3.96484186e-01,1.25638257e-08,134,27,2,83,normal_corr_dominates,1.19807063e+00,1.00000000e+00,2.50000004e+07,3.87465817e-01,-1.95620030e+00,2.34366612e+00,1.00009215e-09
15,3.96484186e-01,1.25638257e-08,134,15,0,45,normal_corr_dominates,2.33730324e+00,1.00000000e+00,2.49999880e+07,-1.20456150e+01,-3.60938583e+00,-8.43622918e+00,1.00008533e-09
15,3.96484186e-01,1.25638257e-08,134,15,2,47,normal_corr_dominates,3.22474168e+00,1.00000000e+00,2.50000080e+07,8.02995108e+00,-3.60938583e+00,1.16393369e+01,1.00009916e-09
16,4.20515876e-01,1.33253440e-08,134,25,0,75,normal_corr_dominates,1.09596229e+00,1.00000000e+00,2.49999967e+07,-3.33156902e+00,-1.58951763e+00,-1.74205139e+00,1.00010532e-09
16,4.20515876e-01,1.33253440e-08,134,25,1,76,normal_corr_dominates,6.58082196e+00,1.00000000e+00,2.49999880e+07,-1.20498502e+01,-1.58951763e+00,-1.04603326e+01,1.00008814e-09
16,4.20515876e-01,1.33253440e-08,134,25,2,77,normal_corr_dominates,1.96900936e+00,1.00000000e+00,2.50000015e+07,1.54025747e+00,-1.58951763e+00,3.12977510e+00,1.00009580e-09
16,4.20515876e-01,1.33253440e-08,134,27,0,81,corr_ratio_high,5.66589331e-01,5.00000000e-01,2.49999988e+07,-1.24031674e+00,-2.06224306e+00,8.21926313e-01,1.00007816e-09
16,4.20515876e-01,1.33253440e-08,134,27,2,83,normal_corr_dominates,1.20254833e+00,1.00000000e+00,2.50000004e+07,4.17703892e-01,-2.06224306e+00,2.47994695e+00,1.00009743e-09
16,4.20515876e-01,1.33253440e-08,134,15,0,45,normal_corr_dominates,2.34489232e+00,1.00000000e+00,2.49999873e+07,-1.27399326e+01,-3.80877213e+00,-8.93116049e+00,1.00009022e-09
16,4.20515876e-01,1.33253440e-08,134,15,2,47,normal_corr_dominates,3.23366619e+00,1.00000000e+00,2.50000085e+07,8.50752551e+00,-3.80877213e+00,1.23162976e+01,1.00010482e-09
17,4.44227857e-01,1.40767314e-08,134,25,0,75,normal_corr_dominates,1.10050092e+00,1.00000000e+00,2.49999965e+07,-3.50568972e+00,-1.66897795e+00,-1.83671177e+00,1.00011092e-09
17,4.44227857e-01,1.40767314e-08,134,25,1,76,normal_corr_dominates,6.60465260e+00,1.00000000e+00,2.49999873e+07,-1.26919975e+01,-1.66897795e+00,-1.10230196e+01,1.00009283e-09
17,4.44227857e-01,1.40767314e-08,134,25,2,77,normal_corr_dominates,1.97737317e+00,1.00000000e+00,2.50000016e+07,1.63121428e+00,-1.66897795e+00,3.30019223e+00,1.00010090e-09
17,4.44227857e-01,1.40767314e-08,134,27,0,81,corr_ratio_high,5.66714236e-01,5.00000000e-01,2.49999987e+07,-1.29956640e+00,-2.16609043e+00,8.66524032e-01,1.00008231e-09
17,4.44227857e-01,1.40767314e-08,134,27,2,83,normal_corr_dominates,1.20678416e+00,1.00000000e+00,2.50000004e+07,4.47913201e-01,-2.16609043e+00,2.61400363e+00,1.00010261e-09
17,4.44227857e-01,1.40767314e-08,134,15,0,45,normal_corr_dominates,2.35207120e+00,1.00000000e+00,2.49999866e+07,-1.34224029e+01,-4.00421175e+00,-9.41819112e+00,1.00009503e-09
17,4.44227857e-01,1.40767314e-08,134,15,2,47,normal_corr_dominates,3.24208126e+00,1.00000000e+00,2.50000090e+07,8.97776810e+00,-4.00421175e+00,1.29819798e+01,1.00011038e-09
18,4.69378806e-01,1.48737168e-08,134,25,0,75,normal_corr_dominates,1.10509705e+00,1.00000000e+00,2.49999963e+07,-3.68945198e+00,-1.75262797e+00,-1.93682401e+00,1.00011684e-09
18,4.69378806e-01,1.48737168e-08,134,25,1,76,normal_corr_dominates,6.62873761e+00,1.00000000e+00,2.49999866e+07,-1.33703389e+01,-1.75262797e+00,-1.16177109e+01,1.00009778e-09
18,4.69378806e-01,1.48737168e-08,134,25,2,77,normal_corr_dominates,1.98586644e+00,1.00000000e+00,2.50000017e+07,1.72785710e+00,-1.75262797e+00,3.48048507e+00,1.00010627e-09
18,4.69378806e-01,1.48737168e-08,134,27,0,81,corr_ratio_high,5.66839379e-01,5.00000000e-01,2.49999986e+07,-1.36174745e+00,-2.27543670e+00,9.13689251e-01,1.00008669e-09
18,4.69378806e-01,1.48737168e-08,134,27,2,83,normal_corr_dominates,1.21109454e+00,1.00000000e+00,2.50000005e+07,4.80332266e-01,-2.27543670e+00,2.75576897e+00,1.00010808e-09
18,4.69378806e-01,1.48737168e-08,134,15,0,45,normal_corr_dominates,2.35937687e+00,1.00000000e+00,2.49999859e+07,-1.41435795e+01,-4.21017948e+00,-9.93340006e+00,1.00010012e-09
18,4.69378806e-01,1.48737168e-08,134,15,2,47,normal_corr_dominates,3.25061833e+00,1.00000000e+00,2.50000095e+07,9.47550712e+00,-4.21017948e+00,1.36856866e+01,1.00011625e-09
19,4.96064928e-01,1.57193490e-08,134,25,0,75,normal_corr_dominates,1.10974816e+00,1.00000000e+00,2.49999961e+07,-3.88344395e+00,-1.84071446e+00,-2.04272949e+00,1.00012309e-09
19,4.96064928e-01,1.57193490e-08,134,25,1,76,normal_corr_dominates,6.65306132e+00,1.00000000e+00,2.49999859e+07,-1.40871007e+01,-1.84071446e+00,-1.22463862e+01,1.00010301e-09
19,4.96064928e-01,1.57193490e-08,134,25,2,77,normal_corr_dominates,1.99448579e+00,1.00000000e+00,2.50000018e+07,1.83056437e+00,-1.84071446e+00,3.67127883e+00,1.00011196e-09
19,4.96064928e-01,1.57193490e-08,134,27,0,81,corr_ratio_high,5.66964642e-01,5.00000000e-01,2.49999986e+07,-1.42702044e+00,-2.39060437e+00,9.63583926e-01,1.00009132e-09
19,4.96064928e-01,1.57193490e-08,134,27,2,83,normal_corr_dominates,1.21547842e+00,1.00000000e+00,2.50000005e+07,5.15123660e-01,-2.39060437e+00,2.90572803e+00,1.00011386e-09
19,4.96064928e-01,1.57193490e-08,134,15,0,45,normal_corr_dominates,2.36680825e+00,1.00000000e+00,2.49999851e+07,-1.49058581e+01,-4.42729641e+00,-1.04785617e+01,1.00010548e-09
19,4.96064928e-01,1.57193490e-08,134,15,2,47,normal_corr_dominates,3.25927524e+00,1.00000000e+00,2.50000100e+07,1.00024812e+01,-4.42729641e+00,1.44297776e+01,1.00012245e-09
20,5.22361202e-01,1.65526276e-08,134,25,0,75,normal_corr_dominates,1.11412228e+00,1.00000000e+00,2.49999959e+07,-4.07365921e+00,-1.92687965e+00,-2.14677956e+00,1.00012921e-09
20,5.22361202e-01,1.65526276e-08,134,25,1,76,normal_corr_dominates,6.67589068e+00,1.00000000e+00,2.49999852e+07,-1.47905175e+01,-1.92687965e+00,-1.28636379e+01,1.00010815e-09
20,5.22361202e-01,1.65526276e-08,134,25,2,77,normal_corr_dominates,2.00261473e+00,1.00000000e+00,2.50000019e+07,1.93191792e+00,-1.92687965e+00,3.85879757e+00,1.00011753e-09
20,5.22361202e-01,1.65526276e-08,134,27,0,81,corr_ratio_high,5.67081173e-01,5.00000000e-01,2.49999985e+07,-1.49067269e+00,-2.50327853e+00,1.01260584e+00,1.00009586e-09
20,5.22361202e-01,1.65526276e-08,134,27,2,83,normal_corr_dominates,1.21962191e+00,1.00000000e+00,2.50000005e+07,5.49774824e-01,-2.50327853e+00,3.05305335e+00,1.00011953e-09
20,5.22361202e-01,1.65526276e-08,134,15,0,45,normal_corr_dominates,2.37383376e+00,1.00000000e+00,2.49999843e+07,-1.56541881e+01,-4.63988128e+00,-1.10143068e+01,1.00011075e-09
20,5.22361202e-01,1.65526276e-08,134,15,2,47,normal_corr_dominates,3.26743468e+00,1.00000000e+00,2.50000105e+07,1.05206277e+01,-4.63988128e+00,1.51605090e+01,1.00012853e-09
21,5.46671479e-01,1.73229738e-08,134,25,0,75,normal_corr_dominates,1.11799553e+00,1.00000000e+00,2.49999958e+07,-4.24871669e+00,-2.00600834e+00,-2.24270835e+00,1.00013486e-09
21,5.46671479e-01,1.73229738e-08,134,25,1,76,normal_corr_dominates,6.69606848e+00,1.00000000e+00,2.49999846e+07,-1.54383775e+01,-2.00600834e+00,-1.34323692e+01,1.00011287e-09
21,5.46671479e-01,1.73229738e-08,134,25,2,77,normal_corr_dominates,2.00983169e+00,1.00000000e+00,2.50000020e+07,2.02573079e+00,-2.00600834e+00,4.03173913e+00,1.00012266e-09
21,5.46671479e-01,1.73229738e-08,134,27,0,81,corr_ratio_high,5.67183324e-01,5.00000000e-01,2.49999985e+07,-1.54896113e+00,-2.60676485e+00,1.05780372e+00,1.00010005e-09
21,5.46671479e-01,1.73229738e-08,134,27,2,83,normal_corr_dominates,1.22330810e+00,1.00000000e+00,2.50000006e+07,5.82111694e-01,-2.60676485e+00,3.18887654e+00,1.00012475e-09
21,5.46671479e-01,1.73229738e-08,134,15,0,45,normal_corr_dominates,2.38008561e+00,1.00000000e+00,2.49999837e+07,-1.63436184e+01,-4.83526759e+00,-1.15083508e+01,1.00011560e-09
21,5.46671479e-01,1.73229738e-08,134,15,2,47,normal_corr_dominates,3.27467581e+00,1.00000000e+00,2.50000110e+07,1.09986662e+01,-4.83526759e+00,1.58339338e+01,1.00013413e-09
22,5.69703656e-01,1.80528195e-08,134,25,0,75,normal_corr_dominates,1.12152457e+00,1.00000000e+00,2.49999956e+07,-4.41389988e+00,-2.08053206e+00,-2.33336782e+00,1.00014019e-09
22,5.69703656e-01,1.80528195e-08,134,25,1,76,normal_corr_dominates,6.71442241e+00,1.00000000e+00,2.49999839e+07,-1.60501032e+01,-2.08053206e+00,-1.39695711e+01,1.00011734e-09
22,5.69703656e-01,1.80528195e-08,134,25,2,77,normal_corr_dominates,2.01642300e+00,1.00000000e+00,2.50000021e+07,2.11470064e+00,-2.08053206e+00,4.19523271e+00,1.00012751e-09
22,5.69703656e-01,1.80528195e-08,134,27,0,81,corr_ratio_high,5.67275541e-01,5.00000000e-01,2.49999984e+07,-1.60371683e+00,-2.70423848e+00,1.10052164e+00,1.00010399e-09
22,5.69703656e-01,1.80528195e-08,134,27,2,83,normal_corr_dominates,1.22668107e+00,1.00000000e+00,2.50000006e+07,6.12999668e-01,-2.70423848e+00,3.31723814e+00,1.00012968e-09
22,5.69703656e-01,1.80528195e-08,134,15,0,45,normal_corr_dominates,2.38580801e+00,1.00000000e+00,2.49999830e+07,-1.69947688e+01,-5.01941301e+00,-1.19753558e+01,1.00012018e-09
22,5.69703656e-01,1.80528195e-08,134,15,2,47,normal_corr_dominates,3.28128767e+00,1.00000000e+00,2.50000115e+07,1.14507250e+01,-5.01941301e+00,1.64701380e+01,1.00013941e-09
23,5.93502186e-01,1.88069494e-08,134,25,0,75,normal_corr_dominates,1.12503673e+00,1.00000000e+00,2.49999954e+07,-4.58392199e+00,-2.15710247e+00,-2.42681952e+00,1.00014567e-09
23,5.93502186e-01,1.88069494e-08,134,25,1,76,normal_corr_dominates,6.73265940e+00,1.00000000e+00,2.49999833e+07,-1.66801387e+01,-2.15710247e+00,-1.45230362e+01,1.00012193e-09
23,5.93502186e-01,1.88069494e-08,134,25,2,77,normal_corr_dominates,2.02299792e+00,1.00000000e+00,2.50000022e+07,2.20671133e+00,-2.15710247e+00,4.36381380e+00,1.00013249e-09
23,5.93502186e-01,1.88069494e-08,134,27,0,81,corr_ratio_high,5.67366495e-01,5.00000000e-01,2.49999983e+07,-1.65983842e+00,-2.80439720e+00,1.14455879e+00,1.00010806e-09
23,5.93502186e-01,1.88069494e-08,134,27,2,83,normal_corr_dominates,1.23005183e+00,1.00000000e+00,2.50000006e+07,6.45156720e-01,-2.80439720e+00,3.44955392e+00,1.00013475e-09
23,5.93502186e-01,1.88069494e-08,134,15,0,45,normal_corr_dominates,2.39152860e+00,1.00000000e+00,2.49999823e+07,-1.76655782e+01,-5.20873634e+00,-1.24568419e+01,1.00012490e-09
23,5.93502186e-01,1.88069494e-08,134,15,2,47,normal_corr_dominates,3.28788237e+00,1.00000000e+00,2.50000119e+07,1.19169761e+01,-5.20873634e+00,1.71257124e+01,1.00014486e-09
24,6.19249013e-01,1.96228171e-08,134,25,0,75,normal_corr_dominates,1.12869262e+00,1.00000000e+00,2.49999952e+07,-4.76714129e+00,-2.23946907e+00,-2.52767221e+00,1.00015159e-09
24,6.19249013e-01,1.96228171e-08,134,25,1,76,normal_corr_dominates,6.75161173e+00,1.00000000e+00,2.49999826e+07,-1.73594947e+01,-2.23946907e+00,-1.51200257e+01,1.00012689e-09
24,6.19249013e-01,1.96228171e-08,134,25,2,77,normal_corr_dominates,2.02985820e+00,1.00000000e+00,2.50000023e+07,2.30633559e+00,-2.23946907e+00,4.54580466e+00,1.00013787e-09
24,6.19249013e-01,1.96228171e-08,134,27,0,81,corr_ratio_high,5.67460286e-01,5.00000000e-01,2.49999983e+07,-1.72005676e+00,-2.91214507e+00,1.19208832e+00,1.00011244e-09
24,6.19249013e-01,1.96228171e-08,134,27,2,83,normal_corr_dominates,1.23357563e+00,1.00000000e+00,2.50000007e+07,6.80206122e-01,-2.91214507e+00,3.59235119e+00,1.00014022e-09
24,6.19249013e-01,1.96228171e-08,134,15,0,45,normal_corr_dominates,2.39751122e+00,1.00000000e+00,2.49999816e+07,-1.83890855e+01,-5.41251650e+00,-1.29765690e+01,1.00012998e-09
24,6.19249013e-01,1.96228171e-08,134,15,2,47,normal_corr_dominates,3.29476334e+00,1.00000000e+00,2.50000124e+07,1.24204444e+01,-5.41251650e+00,1.78329609e+01,1.00015072e-09
25,6.45768674e-01,2.04631745e-08,134,25,0,75,normal_corr_dominates,1.13231219e+00,1.00000000e+00,2.49999950e+07,-4.95510774e+00,-2.32381907e+00,-2.63128866e+00,1.00015765e-09
25,6.45768674e-01,2.04631745e-08,134,25,1,76,normal_corr_dominates,6.77034481e+00,1.00000000e+00,2.49999819e+07,-1.80568755e+01,-2.32381907e+00,-1.57330564e+01,1.00013197e-09
25,6.45768674e-01,2.04631745e-08,134,25,2,77,normal_corr_dominates,2.03666706e+00,1.00000000e+00,2.50000024e+07,2.40902669e+00,-2.32381907e+00,4.73284576e+00,1.00014339e-09
25,6.45768674e-01,2.04631745e-08,134,27,0,81,corr_ratio_high,5.67552242e-01,5.00000000e-01,2.49999982e+07,-1.78156720e+00,-3.02249358e+00,1.24092638e+00,1.00011694e-09
25,6.45768674e-01,2.04631745e-08,134,27,2,83,normal_corr_dominates,1.23707997e+00,1.00000000e+00,2.50000007e+07,7.16572681e-01,-3.02249358e+00,3.73906626e+00,1.00014584e-09
25,6.45768674e-01,2.04631745e-08,134,15,0,45,normal_corr_dominates,2.40346339e+00,1.00000000e+00,2.49999809e+07,-1.91319816e+01,-5.62132728e+00,-1.35106543e+01,1.00013520e-09
25,6.45768674e-01,2.04631745e-08,134,15,2,47,normal_corr_dominates,3.30159356e+00,1.00000000e+00,2.50000129e+07,1.29380107e+01,-5.62132728e+00,1.85593379e+01,1.00015674e-09
26,6.70721878e-01,2.12538938e-08,134,25,0,75,normal_corr_dominates,1.13559133e+00,1.00000000e+00,2.49999949e+07,-5.13130180e+00,-2.40275456e+00,-2.72854724e+00,1.00016335e-09
26,6.70721878e-01,2.12538938e-08,134,25,1,76,normal_corr_dominates,6.78728953e+00,1.00000000e+00,2.49999813e+07,-1.87109454e+01,-2.40275456e+00,-1.63081908e+01,1.00013674e-09
26,6.70721878e-01,2.12538938e-08,134,25,2,77,normal_corr_dominates,2.04285019e+00,1.00000000e+00,2.50000025e+07,2.50571305e+00,-2.40275456e+00,4.90846760e+00,1.00014857e-09
26,6.70721878e-01,2.12538938e-08,134,27,0,81,corr_ratio_high,5.67634755e-01,5.00000000e-01,2.49999982e+07,-1.83898867e+00,-3.12576270e+00,1.28677403e+00,1.00012116e-09
26,6.70721878e-01,2.12538938e-08,134,27,2,83,normal_corr_dominates,1.24026839e+00,1.00000000e+00,2.50000008e+07,7.51021985e-01,-3.12576270e+00,3.87678468e+00,1.00015110e-09
26,6.70721878e-01,2.12538938e-08,134,15,0,45,normal_corr_dominates,2.40888142e+00,1.00000000e+00,2.49999802e+07,-1.98289111e+01,-5.81683803e+00,-1.40120731e+01,1.00014010e-09
26,6.70721878e-01,2.12538938e-08,134,15,2,47,normal_corr_dominates,3.30779747e+00,1.00000000e+00,2.50000134e+07,1.34240841e+01,-5.81683803e+00,1.92409221e+01,1.00016238e-09
27,6.93628176e-01,2.19797506e-08,134,25,0,75,normal_corr_dominates,1.13849991e+00,1.00000000e+00,2.49999947e+07,-5.29249222e+00,-2.47486203e+00,-2.81763019e+00,1.00016855e-09
27,6.93628176e-01,2.19797506e-08,134,25,1,76,normal_corr_dominates,6.80229852e+00,1.00000000e+00,2.49999807e+07,-1.93096123e+01,-2.47486203e+00,-1.68347503e+01,1.00014110e-09
27,6.93628176e-01,2.19797506e-08,134,25,2,77,normal_corr_dominates,2.04834650e+00,1.00000000e+00,2.50000026e+07,2.59451294e+00,-2.47486203e+00,5.06937496e+00,1.00015330e-09
27,6.93628176e-01,2.19797506e-08,134,27,0,81,corr_ratio_high,5.67707299e-01,5.00000000e-01,2.49999981e+07,-1.89132759e+00,-3.22010115e+00,1.32877356e+00,1.00012502e-09
27,6.93628176e-01,2.19797506e-08,134,27,2,83,normal_corr_dominates,1.24310766e+00,1.00000000e+00,2.50000008e+07,7.82831239e-01,-3.22010115e+00,4.00293239e+00,1.00015592e-09
27,6.93628176e-01,2.19797506e-08,134,15,0,45,normal_corr_dominates,2.41370820e+00,1.00000000e+00,2.49999795e+07,-2.04669473e+01,-5.99551752e+00,-1.44714298e+01,1.00014458e-09
27,6.93628176e-01,2.19797506e-08,134,15,2,47,normal_corr_dominates,3.31331383e+00,1.00000000e+00,2.50000139e+07,1.38695136e+01,-5.99551752e+00,1.98650311e+01,1.00016755e-09
28,7.16278948e-01,2.26975102e-08,134,25,0,75,normal_corr_dominates,1.14128572e+00,1.00000000e+00,2.49999945e+07,-5.45138387e+00,-2.54584609e+00,-2.90553778e+00,1.00017369e-09
28,7.16278948e-01,2.26975102e-08,134,25,1,76,normal_corr_dominates,6.81665579e+00,1.00000000e+00,2.49999801e+07,-1.99000026e+01,-2.54584609e+00,-1.73541565e+01,1.00014540e-09
28,7.16278948e-01,2.26975102e-08,134,25,2,77,normal_corr_dominates,2.05362152e+00,1.00000000e+00,2.50000027e+07,2.68235823e+00,-2.54584609e+00,5.22820432e+00,1.00015797e-09
28,7.16278948e-01,2.26975102e-08,134,27,0,81,corr_ratio_high,5.67776199e-01,5.00000000e-01,2.49999981e+07,-1.94274606e+00,-3.31297098e+00,1.37022492e+00,1.00012882e-09
28,7.16278948e-01,2.26975102e-08,134,27,2,83,normal_corr_dominates,1.24583713e+00,1.00000000e+00,2.50000008e+07,8.14451268e-01,-3.31297098e+00,4.12742225e+00,1.00016067e-09
28,7.16278948e-01,2.26975102e-08,134,15,0,45,normal_corr_dominates,2.41835029e+00,1.00000000e+00,2.49999789e+07,-2.10962894e+01,-6.17148264e+00,-1.49248068e+01,1.00014900e-09
28,7.16278948e-01,2.26975102e-08,134,15,2,47,normal_corr_dominates,3.31860994e+00,1.00000000e+00,2.50000143e+07,1.43092610e+01,-6.17148264e+00,2.04807437e+01,1.00017264e-09
29,7.40695267e-01,2.34712167e-08,134,25,0,75,normal_corr_dominates,1.14419348e+00,1.00000000e+00,2.49999944e+07,-5.62212107e+00,-2.62202134e+00,-3.00009972e+00,1.00017921e-09
29,7.40695267e-01,2.34712167e-08,134,25,1,76,normal_corr_dominates,6.83162275e+00,1.00000000e+00,2.49999795e+07,-2.05346820e+01,-2.62202134e+00,-1.79126607e+01,1.00015003e-09
29,7.40695267e-01,2.34712167e-08,134,25,2,77,normal_corr_dominates,2.05913886e+00,1.00000000e+00,2.50000028e+07,2.77708469e+00,-2.62202134e+00,5.39910604e+00,1.00016299e-09
29,7.40695267e-01,2.34712167e-08,134,27,0,81,corr_ratio_high,5.67847494e-01,5.00000000e-01,2.49999980e+07,-1.99781180e+00,-3.41263289e+00,1.41482109e+00,1.00013291e-09
29,7.40695267e-01,2.34712167e-08,134,27,2,83,normal_corr_dominates,1.24869680e+00,1.00000000e+00,2.50000008e+07,8.48710890e-01,-3.41263289e+00,4.26134378e+00,1.00016578e-09
29,7.40695267e-01,2.34712167e-08,134,15,0,45,normal_corr_dominates,2.42321597e+00,1.00000000e+00,2.49999782e+07,-2.17729792e+01,-6.36038725e+00,-1.54125919e+01,1.00015375e-09
29,7.40695267e-01,2.34712167e-08,134,15,2,47,normal_corr_dominates,3.32415166e+00,1.00000000e+00,2.50000148e+07,1.47825045e+01,-6.36038725e+00,2.11428918e+01,1.00017811e-09
30,7.66913959e-01,2.43020369e-08,134,25,0,75,normal_corr_dominates,1.14721191e+00,1.00000000e+00,2.49999942e+07,-5.80485896e+00,-2.70344018e+00,-3.10141878e+00,1.00018511e-09
30,7.66913959e-01,2.43020369e-08,134,25,1,76,normal_corr_dominates,6.84713941e+00,1.00000000e+00,2.49999788e+07,-2.12142720e+01,-2.70344018e+00,-1.85108318e+01,1.00015498e-09
30,7.66913959e-01,2.43020369e-08,134,25,2,77,normal_corr_dominates,2.06487878e+00,1.00000000e+00,2.50000029e+07,2.87883609e+00,-2.70344018e+00,5.58227627e+00,1.00016836e-09
30,7.66913959e-01,2.43020369e-08,134,27,0,81,corr_ratio_high,5.67920814e-01,5.00000000e-01,2.49999979e+07,-2.05654185e+00,-3.51915448e+00,1.46261263e+00,1.00013729e-09
30,7.66913959e-01,2.43020369e-08,134,27,2,83,normal_corr_dominates,1.25167719e+00,1.00000000e+00,2.50000009e+07,8.85690893e-01,-3.51915448e+00,4.40484537e+00,1.00017124e-09
30,7.66913959e-01,2.43020369e-08,134,15,0,45,normal_corr_dominates,2.42828946e+00,1.00000000e+00,2.49999775e+07,-2.24977038e+01,-6.56236997e+00,-1.59353338e+01,1.00015883e-09
30,7.66913959e-01,2.43020369e-08,134,15,2,47,normal_corr_dominates,3.32991991e+00,1.00000000e+00,2.50000153e+07,1.52897964e+01,-6.56236997e+00,2.18521664e+01,1.00018396e-09
31,7.92603670e-01,2.51160947e-08,134,25,0,75,normal_corr_dominates,1.15007080e+00,1.00000000e+00,2.49999940e+07,-5.98332435e+00,-2.78284992e+00,-3.20047443e+00,1.00019089e-09
31,7.92603670e-01,2.51160947e-08,134,25,1,76,normal_corr_dominates,6.86181753e+00,1.00000000e+00,2.49999781e+07,-2.18782583e+01,-2.78284992e+00,-1.90954083e+01,1.00015982e-09
31,7.92603670e-01,2.51160947e-08,134,25,2,77,normal_corr_dominates,2.07032741e+00,1.00000000e+00,2.50000030e+07,2.97856055e+00,-2.78284992e+00,5.76141047e+00,1.00017361e-09
31,7.92603670e-01,2.51160947e-08,134,27,0,81,corr_ratio_high,5.67989592e-01,5.00000000e-01,2.49999979e+07,-2.11370031e+00,-3.62304597e+00,1.50934566e+00,1.00014156e-09
31,7.92603670e-01,2.51160947e-08,134,27,2,83,normal_corr_dominates,1.25451144e+00,1.00000000e+00,2.50000009e+07,9.22106662e-01,-3.62304597e+00,4.54515263e+00,1.00017658e-09
31,7.92603670e-01,2.51160947e-08,134,15,0,45,normal_corr_dominates,2.43311659e+00,1.00000000e+00,2.49999768e+07,-2.32059350e+01,-6.75943691e+00,-1.64464981e+01,1.00016380e-09
31,7.92603670e-01,2.51160947e-08,134,15,2,47,normal_corr_dominates,3.33539863e+00,1.00000000e+00,2.50000158e+07,1.57859797e+01,-6.75943691e+00,2.25454166e+01,1.00018968e-09
32,8.15958654e-01,2.58561695e-08,134,25,0,75,normal_corr_dominates,1.15258965e+00,1.00000000e+00,2.49999939e+07,-6.14508318e+00,-2.85473972e+00,-3.29034346e+00,1.00019612e-09
32,8.15958654e-01,2.58561695e-08,134,25,1,76,normal_corr_dominates,6.87473540e+00,1.00000000e+00,2.49999775e+07,-2.24803199e+01,-2.85473972e+00,-1.96255802e+01,1.00016420e-09
32,8.15958654e-01,2.58561695e-08,134,25,2,77,normal_corr_dominates,2.07513798e+00,1.00000000e+00,2.50000031e+07,3.06923910e+00,-2.85473972e+00,5.92397882e+00,1.00017837e-09
32,8.15958654e-01,2.58561695e-08,134,27,0,81,corr_ratio_high,5.68049638e-01,5.00000000e-01,2.49999978e+07,-2.16534437e+00,-3.71709712e+00,1.55175275e+00,1.00014544e-09
32,8.15958654e-01,2.58561695e-08,134,27,2,83,normal_corr_dominates,1.25701802e+00,1.00000000e+00,2.50000010e+07,9.55360959e-01,-3.71709712e+00,4.67245808e+00,1.00018142e-09
32,8.15958654e-01,2.58561695e-08,134,15,0,45,normal_corr_dominates,2.43738761e+00,1.00000000e+00,2.49999762e+07,-2.38482366e+01,-6.93789567e+00,-1.69103409e+01,1.00016831e-09
32,8.15958654e-01,2.58561695e-08,134,15,2,47,normal_corr_dominates,3.34023868e+00,1.00000000e+00,2.50000162e+07,1.62363318e+01,-6.93789567e+00,2.31742275e+01,1.00019487e-09
33,8.37925768e-01,2.65522653e-08,134,25,0,75,normal_corr_dominates,1.15489253e+00,1.00000000e+00,2.49999937e+07,-6.29681812e+00,-2.92210310e+00,-3.37471503e+00,1.00020103e-09
33,8.37925768e-01,2.65522653e-08,134,25,1,76,normal_corr_dominates,6.88653407e+00,1.00000000e+00,2.49999770e+07,-2.30452656e+01,-2.92210310e+00,-2.01231625e+01,1.00016832e-09
33,8.37925768e-01,2.65522653e-08,134,25,2,77,normal_corr_dominates,2.07954444e+00,1.00000000e+00,2.50000032e+07,3.15454015e+00,-2.92210310e+00,6.07664324e+00,1.00018283e-09
33,8.37925768e-01,2.65522653e-08,134,27,0,81,corr_ratio_high,5.68104070e-01,5.00000000e-01,2.49999978e+07,-2.21365112e+00,-3.80522419e+00,1.59157307e+00,1.00014908e-09
33,8.37925768e-01,2.65522653e-08,134,27,2,83,normal_corr_dominates,1.25931758e+00,1.00000000e+00,2.50000010e+07,9.86761527e-01,-3.80522419e+00,4.79198572e+00,1.00018597e-09
33,8.37925768e-01,2.65522653e-08,134,15,0,45,normal_corr_dominates,2.44130754e+00,1.00000000e+00,2.49999755e+07,-2.44510434e+01,-7.10516080e+00,-1.73458826e+01,1.00017253e-09
33,8.37925768e-01,2.65522653e-08,134,15,2,47,normal_corr_dominates,3.34467479e+00,1.00000000e+00,2.50000167e+07,1.66592914e+01,-7.10516080e+00,2.37644522e+01,1.00019973e-09
34,8.60895810e-01,2.72801420e-08,134,25,0,75,normal_corr_dominates,1.15723497e+00,1.00000000e+00,2.49999935e+07,-6.45506559e+00,-2.99228674e+00,-3.46277885e+00,1.00020615e-09
34,8.60895810e-01,2.72801420e-08,134,25,1,76,normal_corr_dominates,6.89852445e+00,1.00000000e+00,2.49999764e+07,-2.36346499e+01,-2.99228674e+00,-2.06423632e+01,1.00017261e-09
34,8.60895810e-01,2.72801420e-08,134,25,2,77,normal_corr_dominates,2.08403500e+00,1.00000000e+00,2.50000032e+07,3.24374356e+00,-2.99228674e+00,6.23603030e+00,1.00018749e-09
34,8.60895810e-01,2.72801420e-08,134,27,0,81,corr_ratio_high,5.68158968e-01,5.00000000e-01,2.49999977e+07,-2.26389408e+00,-3.89703797e+00,1.63314389e+00,1.00015287e-09
34,8.60895810e-01,2.72801420e-08,134,27,2,83,normal_corr_dominates,1.26166456e+00,1.00000000e+00,2.50000010e+07,1.01971674e+00,-3.89703797e+00,4.91675471e+00,1.00019070e-09
34,8.60895810e-01,2.72801420e-08,134,15,0,45,normal_corr_dominates,2.44531000e+00,1.00000000e+00,2.49999749e+07,-2.50800291e+01,-7.27946951e+00,-1.78005596e+01,1.00017694e-09
34,8.60895810e-01,2.72801420e-08,134,15,2,47,normal_corr_dominates,3.34919839e+00,1.00000000e+00,2.50000171e+07,1.71009180e+01,-7.27946951e+00,2.43803875e+01,1.00020481e-09
35,8.86183726e-01,2.80814677e-08,134,25,0,75,normal_corr_dominates,1.15973987e+00,1.00000000e+00,2.49999934e+07,-6.62880395e+00,-3.06926036e+00,-3.55954360e+00,1.00021177e-09
35,8.86183726e-01,2.80814677e-08,134,25,1,76,normal_corr_dominates,6.91133445e+00,1.00000000e+00,2.49999757e+07,-2.42819452e+01,-3.06926036e+00,-2.12126848e+01,1.00017732e-09
35,8.86183726e-01,2.80814677e-08,134,25,2,77,normal_corr_dominates,2.08884658e+00,1.00000000e+00,2.50000033e+07,3.34195363e+00,-3.06926036e+00,6.41121399e+00,1.00019260e-09
35,8.86183726e-01,2.80814677e-08,134,27,0,81,corr_ratio_high,5.68217135e-01,5.00000000e-01,2.49999977e+07,-2.31889890e+00,-3.99773048e+00,1.67883158e+00,1.00015704e-09
35,8.86183726e-01,2.80814677e-08,134,27,2,83,normal_corr_dominates,1.26418334e+00,1.00000000e+00,2.50000011e+07,1.05613380e+00,-3.99773048e+00,5.05386429e+00,1.00019590e-09
35,8.86183726e-01,2.80814677e-08,134,15,0,45,normal_corr_dominates,2.44960735e+00,1.00000000e+00,2.49999742e+07,-2.57709339e+01,-7.47068617e+00,-1.83002477e+01,1.00018178e-09
35,8.86183726e-01,2.80814677e-08,134,15,2,47,normal_corr_dominates,3.35404875e+00,1.00000000e+00,2.50000176e+07,1.75863595e+01,-7.47068617e+00,2.50570456e+01,1.00021038e-09
36,9.12327811e-01,2.89099238e-08,134,25,0,75,normal_corr_dominates,1.16225204e+00,1.00000000e+00,2.49999932e+07,-6.80791268e+00,-3.14852874e+00,-3.65938395e+00,1.00021756e-09
36,9.12327811e-01,2.89099238e-08,134,25,1,76,normal_corr_dominates,6.92416974e+00,1.00000000e+00,2.49999751e+07,-2.49494762e+01,-3.14852874e+00,-2.18009474e+01,1.00018218e-09
36,9.12327811e-01,2.89099238e-08,134,25,2,77,normal_corr_dominates,2.09368231e+00,1.00000000e+00,2.50000034e+07,3.44349019e+00,-3.14852874e+00,6.59201893e+00,1.00019787e-09
36,9.12327811e-01,2.89099238e-08,134,27,0,81,corr_ratio_high,5.68274895e-01,5.00000000e-01,2.49999976e+07,-2.37543784e+00,-4.10142008e+00,1.72598224e+00,1.00016133e-09
36,9.12327811e-01,2.89099238e-08,134,27,2,83,normal_corr_dominates,1.26671903e+00,1.00000000e+00,2.50000011e+07,1.09392680e+00,-4.10142008e+00,5.19534688e+00,1.00020127e-09
36,9.12327811e-01,2.89099238e-08,134,15,0,45,normal_corr_dominates,2.45393556e+00,1.00000000e+00,2.49999735e+07,-2.64835625e+01,-7.66764812e+00,-1.88159144e+01,1.00018678e-09
36,9.12327811e-01,2.89099238e-08,134,15,2,47,normal_corr_dominates,3.35892728e+00,1.00000000e+00,2.50000181e+07,1.80874243e+01,-7.66764812e+00,2.57550724e+01,1.00021612e-09
37,9.36573006e-01,2.96782077e-08,134,25,0,75,normal_corr_dominates,1.16451468e+00,1.00000000e+00,2.49999930e+07,-6.97355989e+00,-3.22176603e+00,-3.75179385e+00,1.00022293e-09
37,9.36573006e-01,2.96782077e-08,134,25,1,76,normal_corr_dominates,6.93572038e+00,1.00000000e+00,2.49999744e+07,-2.55670344e+01,-3.22176603e+00,-2.23452683e+01,1.00018667e-09
37,9.36573006e-01,2.96782077e-08,134,25,2,77,normal_corr_dominates,2.09804669e+00,1.00000000e+00,2.50000035e+07,3.53764952e+00,-3.22176603e+00,6.75941556e+00,1.00020274e-09
37,9.36573006e-01,2.96782077e-08,134,27,0,81,corr_ratio_high,5.68326407e-01,5.00000000e-01,2.49999976e+07,-2.42758191e+00,-4.19721574e+00,1.76963383e+00,1.00016531e-09
37,9.36573006e-01,2.96782077e-08,134,27,2,83,normal_corr_dominates,1.26901128e+00,1.00000000e+00,2.50000011e+07,1.12909839e+00,-4.19721574e+00,5.32631413e+00,1.00020623e-09
37,9.36573006e-01,2.96782077e-08,134,15,0,45,normal_corr_dominates,2.45784997e+00,1.00000000e+00,2.49999729e+07,-2.71429517e+01,-7.84966149e+00,-1.92932903e+01,1.00019139e-09
37,9.36573006e-01,2.96782077e-08,134,15,2,47,normal_corr_dominates,3.36333374e+00,1.00000000e+00,2.50000186e+07,1.85513698e+01,-7.84966149e+00,2.64010313e+01,1.00022143e-09
38,9.58490893e-01,3.03727436e-08,134,25,0,75,normal_corr_dominates,1.16650709e+00,1.00000000e+00,2.49999929e+07,-7.12294110e+00,-3.28775342e+00,-3.83518768e+00,1.00022776e-09
38,9.58490893e-01,3.03727436e-08,134,25,1,76,normal_corr_dominates,6.94588416e+00,1.00000000e+00,2.49999739e+07,-2.61241078e+01,-3.28775342e+00,-2.28363544e+01,1.00019073e-09
38,9.58490893e-01,3.03727436e-08,134,25,2,77,normal_corr_dominates,2.10189701e+00,1.00000000e+00,2.50000036e+07,3.62276567e+00,-3.28775342e+00,6.91051909e+00,1.00020714e-09
38,9.58490893e-01,3.03727436e-08,134,27,0,81,corr_ratio_high,5.68371354e-01,5.00000000e-01,2.49999975e+07,-2.47448920e+00,-4.28352416e+00,1.80903496e+00,1.00016889e-09
38,9.58490893e-01,3.03727436e-08,134,27,2,83,normal_corr_dominates,1.27103652e+00,1.00000000e+00,2.50000012e+07,1.16099146e+00,-4.28352416e+00,5.44451562e+00,1.00021070e-09
38,9.58490893e-01,3.03727436e-08,134,15,0,45,normal_corr_dominates,2.46130978e+00,1.00000000e+00,2.49999723e+07,-2.77378472e+01,-8.01368527e+00,-1.97241619e+01,1.00019556e-09
38,9.58490893e-01,3.03727436e-08,134,15,2,47,normal_corr_dominates,3.36722407e+00,1.00000000e+00,2.50000190e+07,1.89701887e+01,-8.01368527e+00,2.69838739e+01,1.00022622e-09
39,9.80231909e-01,3.10616748e-08,134,25,0,75,normal_corr_dominates,1.16843570e+00,1.00000000e+00,2.49999927e+07,-7.27078194e+00,-3.35300785e+00,-3.91777408e+00,1.00023255e-09
39,9.80231909e-01,3.10616748e-08,134,25,1,76,normal_corr_dominates,6.95571627e+00,1.00000000e+00,2.49999733e+07,-2.66755791e+01,-3.35300785e+00,-2.33225713e+01,1.00019474e-09
39,9.80231909e-01,3.10616748e-08,134,25,2,77,normal_corr_dominates,2.10563062e+00,1.00000000e+00,2.50000037e+07,3.70718816e+00,-3.35300785e+00,7.06019601e+00,1.00021149e-09
39,9.80231909e-01,3.10616748e-08,134,27,0,81,corr_ratio_high,5.68414483e-01,5.00000000e-01,2.49999975e+07,-2.52080700e+00,-4.36886968e+00,1.84806268e+00,1.00017244e-09
39,9.80231909e-01,3.10616748e-08,134,27,2,83,normal_corr_dominates,1.27300306e+00,1.00000000e+00,2.50000012e+07,1.19271478e+00,-4.36886968e+00,5.56158446e+00,1.00021513e-09
39,9.80231909e-01,3.10616748e-08,134,15,0,45,normal_corr_dominates,2.46467056e+00,1.00000000e+00,2.49999717e+07,-2.83268401e+01,-8.17591157e+00,-2.01509285e+01,1.00019968e-09
39,9.80231909e-01,3.10616748e-08,134,15,2,47,normal_corr_dominates,3.37099919e+00,1.00000000e+00,2.50000194e+07,1.93850797e+01,-8.17591157e+00,2.75609913e+01,1.00023096e-09
40,1.00410252e+00,3.18180888e-08,134,25,0,75,normal_corr_dominates,1.17050069e+00,1.00000000e+00,2.49999926e+07,-7.43272853e+00,-3.42443039e+00,-4.00829813e+00,1.00023779e-09
40,1.00410252e+00,3.18180888e-08,134,25,1,76,normal_corr_dominates,6.96623720e+00,1.00000000e+00,2.49999727e+07,-2.72798248e+01,-3.42443039e+00,-2.38553944e+01,1.00019914e-09
40,1.00410252e+00,3.18180888e-08,134,25,2,77,normal_corr_dominates,2.10963558e+00,1.00000000e+00,2.50000038e+07,3.79986981e+00,-3.42443039e+00,7.22430021e+00,1.00021626e-09
40,1.00410252e+00,3.18180888e-08,134,27,0,81,corr_ratio_high,5.68460235e-01,5.00000000e-01,2.49999974e+07,-2.57142642e+00,-4.46227730e+00,1.89085088e+00,1.00017632e-09
40,1.00410252e+00,3.18180888e-08,134,27,2,83,normal_corr_dominates,1.27511552e+00,1.00000000e+00,2.50000012e+07,1.22764173e+00,-4.46227730e+00,5.68991903e+00,1.00021999e-09
40,1.00410252e+00,3.18180888e-08,134,15,0,45,normal_corr_dominates,2.46828206e+00,1.00000000e+00,2.49999710e+07,-2.89722873e+01,-8.35349800e+00,-2.06187893e+01,1.00020420e-09
40,1.00410252e+00,3.18180888e-08,134,15,2,47,normal_corr_dominates,3.37505178e+00,1.00000000e+00,2.50000198e+07,1.98399903e+01,-8.35349800e+00,2.81934883e+01,1.00023616e-09
41,1.03006898e+00,3.26409163e-08,134,25,0,75,normal_corr_dominates,1.17268716e+00,1.00000000e+00,2.49999924e+07,-7.60845781e+00,-3.50186532e+00,-4.10659249e+00,1.00024349e-09
41,1.03006898e+00,3.26409163e-08,134,25,1,76,normal_corr_dominates,6.97737024e+00,1.00000000e+00,2.49999721e+07,-2.79356762e+01,-3.50186532e+00,-2.44338109e+01,1.00020391e-09
41,1.03006898e+00,3.26409163e-08,134,25,2,77,normal_corr_dominates,2.11388462e+00,1.00000000e+00,2.50000039e+07,3.90067393e+00,-3.50186532e+00,7.40253926e+00,1.00022144e-09
41,1.03006898e+00,3.26409163e-08,134,27,0,81,corr_ratio_high,5.68508185e-01,5.00000000e-01,2.49999974e+07,-2.62621851e+00,-4.56354171e+00,1.93732320e+00,1.00018054e-09
41,1.03006898e+00,3.26409163e-08,134,27,2,83,normal_corr_dominates,1.27736015e+00,1.00000000e+00,2.50000013e+07,1.26574462e+00,-4.56354171e+00,5.82928633e+00,1.00022525e-09
41,1.03006898e+00,3.26409163e-08,134,15,0,45,normal_corr_dominates,2.47212106e+00,1.00000000e+00,2.49999703e+07,-2.96729619e+01,-8.54606201e+00,-2.11268999e+01,1.00020911e-09
41,1.03006898e+00,3.26409163e-08,134,15,2,47,normal_corr_dominates,3.37935500e+00,1.00000000e+00,2.50000203e+07,2.03341153e+01,-8.54606201e+00,2.88801774e+01,1.00024179e-09
42,1.05260482e+00,3.33550339e-08,134,25,0,75,normal_corr_dominates,1.17453634e+00,1.00000000e+00,2.49999922e+07,-7.76060986e+00,-3.56885729e+00,-4.19175257e+00,1.00024841e-09
42,1.05260482e+00,3.33550339e-08,134,25,1,76,normal_corr_dominates,6.98678080e+00,1.00000000e+00,2.49999715e+07,-2.85036809e+01,-3.56885729e+00,-2.49348236e+01,1.00020804e-09
42,1.05260482e+00,3.33550339e-08,134,25,2,77,normal_corr_dominates,2.11748517e+00,1.00000000e+00,2.50000040e+07,3.98814510e+00,-3.56885729e+00,7.55700239e+00,1.00022592e-09
42,1.05260482e+00,3.33550339e-08,134,27,0,81,corr_ratio_high,5.68548328e-01,5.00000000e-01,2.49999973e+07,-2.67354855e+00,-4.65114398e+00,1.97759543e+00,1.00018419e-09
42,1.05260482e+00,3.33550339e-08,134,27,2,83,normal_corr_dominates,1.27926500e+00,1.00000000e+00,2.50000013e+07,1.29890175e+00,-4.65114398e+00,5.95004573e+00,1.00022981e-09
42,1.05260482e+00,3.33550339e-08,134,15,0,45,normal_corr_dominates,2.47538013e+00,1.00000000e+00,2.49999697e+07,-3.02798702e+01,-8.71267864e+00,-2.15671916e+01,1.00021335e-09
42,1.05260482e+00,3.33550339e-08,134,15,2,47,normal_corr_dominates,3.38300449e+00,1.00000000e+00,2.50000208e+07,2.07623523e+01,-8.71267864e+00,2.94750310e+01,1.00024667e-09
43,1.07556316e+00,3.40825400e-08,134,25,0,75,normal_corr_dominates,1.17637578e+00,1.00000000e+00,2.49999921e+07,-7.91527765e+00,-3.63690762e+00,-4.27837003e+00,1.00025342e-09
43,1.07556316e+00,3.40825400e-08,134,25,1,76,normal_corr_dominates,6.99613751e+00,1.00000000e+00,2.49999709e+07,-2.90812135e+01,-3.63690762e+00,-2.54443059e+01,1.00021224e-09
43,1.07556316e+00,3.40825400e-08,134,25,2,77,normal_corr_dominates,2.12107325e+00,1.00000000e+00,2.50000041e+07,4.07723985e+00,-3.63690762e+00,7.71414748e+00,1.00023048e-09
43,1.07556316e+00,3.40825400e-08,134,27,0,81,corr_ratio_high,5.68587876e-01,5.00000000e-01,2.49999973e+07,-2.72155863e+00,-4.74012480e+00,2.01856617e+00,1.00018791e-09
43,1.07556316e+00,3.40825400e-08,134,27,2,83,normal_corr_dominates,1.28116584e+00,1.00000000e+00,2.50000013e+07,1.33276119e+00,-4.74012480e+00,6.07288600e+00,1.00023445e-09
43,1.07556316e+00,3.40825400e-08,134,15,0,45,normal_corr_dominates,2.47863344e+00,1.00000000e+00,2.49999691e+07,-3.08970373e+01,-8.88194685e+00,-2.20150905e+01,1.00021767e-09
43,1.07556316e+00,3.40825400e-08,134,15,2,47,normal_corr_dominates,3.38664422e+00,1.00000000e+00,2.50000212e+07,2.11980472e+01,-8.88194685e+00,3.00799940e+01,1.00025164e-09
44,1.09963619e+00,3.48453681e-08,134,25,0,75,normal_corr_dominates,1.17825824e+00,1.00000000e+00,2.49999919e+07,-8.07709728e+00,-3.70805313e+00,-4.36904415e+00,1.00025867e-09
44,1.09963619e+00,3.48453681e-08,134,25,1,76,normal_corr_dominates,7.00570903e+00,1.00000000e+00,2.49999703e+07,-2.96855944e+01,-3.70805313e+00,-2.59775413e+01,1.00021664e-09
44,1.09963619e+00,3.48453681e-08,134,25,2,77,normal_corr_dominates,2.12475212e+00,1.00000000e+00,2.50000042e+07,4.17064062e+00,-3.70805313e+00,7.87869375e+00,1.00023524e-09
44,1.09963619e+00,3.48453681e-08,134,27,0,81,corr_ratio_high,5.68627939e-01,5.00000000e-01,2.49999972e+07,-2.77168083e+00,-4.83314675e+00,2.06146592e+00,1.00019179e-09
44,1.09963619e+00,3.48453681e-08,134,27,2,83,normal_corr_dominates,1.28311749e+00,1.00000000e+00,2.50000014e+07,1.36834838e+00,-4.83314675e+00,6.20149513e+00,1.00023930e-09
44,1.09963619e+00,3.48453681e-08,134,15,0,45,normal_corr_dominates,2.48197483e+00,1.00000000e+00,2.49999685e+07,-3.15429776e+01,-9.05893328e+00,-2.24840444e+01,1.00022219e-09
44,1.09963619e+00,3.48453681e-08,134,15,2,47,normal_corr_dominates,3.39037913e+00,1.00000000e+00,2.50000217e+07,2.16542851e+01,-9.05893328e+00,3.07132183e+01,1.00025683e-09
45,1.12415436e+00,3.56223022e-08,134,25,0,75,normal_corr_dominates,1.18012871e+00,1.00000000e+00,2.49999918e+07,-8.24154057e+00,-3.78030001e+00,-4.46124056e+00,1.00026399e-09
45,1.12415436e+00,3.56223022e-08,134,25,1,76,normal_corr_dominates,7.01521588e+00,1.00000000e+00,2.49999697e+07,-3.02999207e+01,-3.78030001e+00,-2.65196207e+01,1.00022111e-09
45,1.12415436e+00,3.56223022e-08,134,25,2,77,normal_corr_dominates,2.12841459e+00,1.00000000e+00,2.50000043e+07,4.26574569e+00,-3.78030001e+00,8.04604570e+00,1.00024009e-09
45,1.12415436e+00,3.56223022e-08,134,27,0,81,corr_ratio_high,5.68667326e-01,5.00000000e-01,2.49999972e+07,-2.82250557e+00,-4.92760224e+00,2.10509667e+00,1.00019574e-09
45,1.12415436e+00,3.56223022e-08,134,27,2,83,normal_corr_dominates,1.28506319e+00,1.00000000e+00,2.50000014e+07,1.40467803e+00,-4.92760224e+00,6.33228027e+00,1.00024423e-09
45,1.12415436e+00,3.56223022e-08,134,15,0,45,normal_corr_dominates,2.48530715e+00,1.00000000e+00,2.49999678e+07,-3.21996314e+01,-9.23867827e+00,-2.29609531e+01,1.00022678e-09
45,1.12415436e+00,3.56223022e-08,134,15,2,47,normal_corr_dominates,3.39410057e+00,1.00000000e+00,2.50000221e+07,2.21183249e+01,-9.23867827e+00,3.13570031e+01,1.00026210e-09
46,1.14779430e+00,3.63714066e-08,134,25,0,75,normal_corr_dominates,1.18188918e+00,1.00000000e+00,2.49999916e+07,-8.39974833e+00,-3.84975938e+00,-4.54998895e+00,1.00026912e-09
46,1.14779430e+00,3.63714066e-08,134,25,1,76,normal_corr_dominates,7.02416072e+00,1.00000000e+00,2.49999691e+07,-3.08910880e+01,-3.84975938e+00,-2.70413286e+01,1.00022541e-09
46,1.14779430e+00,3.63714066e-08,134,25,2,77,normal_corr_dominates,2.13186826e+00,1.00000000e+00,2.50000044e+07,4.35742047e+00,-3.84975938e+00,8.20717985e+00,1.00024475e-09
46,1.14779430e+00,3.63714066e-08,134,27,0,81,corr_ratio_high,5.68703999e-01,5.00000000e-01,2.49999971e+07,-2.87130100e+00,-5.01840704e+00,2.14710604e+00,1.00019954e-09
46,1.14779430e+00,3.63714066e-08,134,27,2,83,normal_corr_dominates,1.28690052e+00,1.00000000e+00,2.50000014e+07,1.43978357e+00,-5.01840704e+00,6.45819061e+00,1.00024897e-09
46,1.14779430e+00,3.63714066e-08,134,15,0,45,normal_corr_dominates,2.48845484e+00,1.00000000e+00,2.49999672e+07,-3.28316087e+01,-9.41150458e+00,-2.34201041e+01,1.00023120e-09
46,1.14779430e+00,3.63714066e-08,134,15,2,47,normal_corr_dominates,3.39761282e+00,1.00000000e+00,2.50000226e+07,2.25651441e+01,-9.41150458e+00,3.19766487e+01,1.00026718e-09
47,1.17023357e+00,3.70824640e-08,134,25,0,75,normal_corr_dominates,1.18352264e+00,1.00000000e+00,2.49999915e+07,-8.54961324e+00,-3.91551390e+00,-4.63409934e+00,1.00027398e-09
47,1.17023357e+00,3.70824640e-08,134,25,1,76,normal_corr_dominates,7.03245800e+00,1.00000000e+00,2.49999685e+07,-3.14512009e+01,-3.91551390e+00,-2.75356870e+01,1.00022948e-09
47,1.17023357e+00,3.70824640e-08,134,25,2,77,normal_corr_dominates,2.13507861e+00,1.00000000e+00,2.50000044e+07,4.44441606e+00,-3.91551390e+00,8.35992996e+00,1.00024917e-09
47,1.17023357e+00,3.70824640e-08,134,27,0,81,corr_ratio_high,5.68737673e-01,5.00000000e-01,2.49999971e+07,-2.91743321e+00,-5.10436264e+00,2.18692943e+00,1.00020314e-09
47,1.17023357e+00,3.70824640e-08,134,27,2,83,normal_corr_dominates,1.28861063e+00,1.00000000e+00,2.50000015e+07,1.47317330e+00,-5.10436264e+00,6.57753594e+00,1.00025347e-09
47,1.17023357e+00,3.70824640e-08,134,15,0,45,normal_corr_dominates,2.49138543e+00,1.00000000e+00,2.49999666e+07,-3.34304569e+01,-9.57512641e+00,-2.38553305e+01,1.00023539e-09
47,1.17023357e+00,3.70824640e-08,134,15,2,47,normal_corr_dominates,3.40088027e+00,1.00000000e+00,2.50000230e+07,2.29887321e+01,-9.57512641e+00,3.25638585e+01,1.00027199e-09
48,1.19249982e+00,3.77880392e-08,134,25,0,75,normal_corr_dominates,1.18510859e+00,1.00000000e+00,2.49999913e+07,-8.69803206e+00,-3.98059487e+00,-4.71743719e+00,1.00027879e-09
48,1.19249982e+00,3.77880392e-08,134,25,1,76,normal_corr_dominates,7.04051221e+00,1.00000000e+00,2.49999680e+07,-3.20060216e+01,-3.98059487e+00,-2.80254268e+01,1.00023351e-09
48,1.19249982e+00,3.77880392e-08,134,25,2,77,normal_corr_dominates,2.13820108e+00,1.00000000e+00,2.50000045e+07,4.53071738e+00,-3.98059487e+00,8.51131225e+00,1.00025354e-09
48,1.19249982e+00,3.77880392e-08,134,27,0,81,corr_ratio_high,5.68770032e-01,5.00000000e-01,2.49999970e+07,-2.96303594e+00,-5.18943212e+00,2.22639618e+00,1.00020670e-09
48,1.19249982e+00,3.77880392e-08,134,27,2,83,normal_corr_dominates,1.29027602e+00,1.00000000e+00,2.50000015e+07,1.50636769e+00,-5.18943212e+00,6.69579981e+00,1.00025792e-09
48,1.19249982e+00,3.77880392e-08,134,15,0,45,normal_corr_dominates,2.49424016e+00,1.00000000e+00,2.49999660e+07,-3.40237116e+01,-9.73708447e+00,-2.42866271e+01,1.00023954e-09
48,1.19249982e+00,3.77880392e-08,134,15,2,47,normal_corr_dominates,3.40406080e+00,1.00000000e+00,2.50000234e+07,2.34085430e+01,-9.73708447e+00,3.31456275e+01,1.00027675e-09
49,1.21579289e+00,3.85261518e-08,134,25,0,75,normal_corr_dominates,1.18673175e+00,1.00000000e+00,2.49999911e+07,-8.85299082e+00,-4.04850335e+00,-4.80448747e+00,1.00028381e-09
49,1.21579289e+00,3.85261518e-08,134,25,1,76,normal_corr_dominates,7.04875386e+00,1.00000000e+00,2.49999674e+07,-3.25854070e+01,-4.04850335e+00,-2.85369036e+01,1.00023773e-09
49,1.21579289e+00,3.85261518e-08,134,25,2,77,normal_corr_dominates,2.14140253e+00,1.00000000e+00,2.50000046e+07,4.62097198e+00,-4.04850335e+00,8.66947533e+00,1.00025811e-09
49,1.21579289e+00,3.85261518e-08,134,27,0,81,corr_ratio_high,5.68802797e-01,5.00000000e-01,2.49999970e+07,-3.01056062e+00,-5.27819144e+00,2.26763082e+00,1.00021042e-09
49,1.21579289e+00,3.85261518e-08,134,27,2,83,normal_corr_dominates,1.29198569e+00,1.00000000e+00,2.50000015e+07,1.54115637e+00,-5.27819144e+00,6.81934781e+00,1.00026257e-09
49,1.21579289e+00,3.85261518e-08,134,15,0,45,normal_corr_dominates,2.49717155e+00,1.00000000e+00,2.49999654e+07,-3.46432997e+01,-9.90609104e+00,-2.47372087e+01,1.00024387e-09
49,1.21579289e+00,3.85261518e-08,134,15,2,47,normal_corr_dominates,3.40732439e+00,1.00000000e+00,2.50000238e+07,2.38471745e+01,-9.90609104e+00,3.37532656e+01,1.00028172e-09
50,1.24012356e+00,3.92971443e-08,134,25,0,75,normal_corr_dominates,1.18838936e+00,1.00000000e+00,2.49999910e+07,-9.01452590e+00,-4.11925139e+00,-4.89527451e+00,1.00028905e-09
50,1.24012356e+00,3.92971443e-08,134,25,1,76,normal_corr_dominates,7.05716922e+00,1.00000000e+00,2.49999668e+07,-3.31895055e+01,-4.11925139e+00,-2.90702541e+01,1.00024212e-09
50,1.24012356e+00,3.92971443e-08,134,25,2,77,normal_corr_dominates,2.14467806e+00,1.00000000e+00,2.50000047e+07,4.71521668e+00,-4.11925139e+00,8.83446807e+00,1.00026287e-09
50,1.24012356e+00,3.92971443e-08,134,27,0,81,corr_ratio_high,5.68835880e-01,5.00000000e-01,2.49999969e+07,-3.06000930e+00,-5.37065550e+00,2.31064620e+00,1.00021431e-09
50,1.24012356e+00,3.92971443e-08,134,27,2,83,normal_corr_dominates,1.29373720e+00,1.00000000e+00,2.50000016e+07,1.57756129e+00,-5.37065550e+00,6.94821679e+00,1.00026741e-09
50,1.24012356e+00,3.92971443e-08,134,15,0,45,normal_corr_dominates,2.50017544e+00,1.00000000e+00,2.49999647e+07,-3.52893873e+01,-1.00821767e+01,-2.52072106e+01,1.00024839e-09
50,1.24012356e+00,3.92971443e-08,134,15,2,47,normal_corr_dominates,3.41066627e+00,1.00000000e+00,2.50000243e+07,2.43047634e+01,-1.00821767e+01,3.43869401e+01,1.00028691e-09
