rank,fi,dof,owned_dof_idx,role,cx,cz,nbf,face_type,depth,a,Dc,tau_pre_dip,tau_pre_strike,V_init_dip,V_init_strike
134,25,0,75,target,-2.600000e+04,3.532051e+04,3,interior,3.532051e+04,4.000000e-02,1.400000e-01,-1.327306e-04,-1.327306e+07,1.000000e-20,1.000000e-09
134,25,1,76,target,-2.499983e+04,3.531988e+04,3,interior,3.531988e+04,4.000000e-02,1.400000e-01,-1.327306e-04,-1.327306e+07,1.000000e-20,1.000000e-09
134,25,2,77,target,-2.550000e+04,3.445448e+04,3,interior,3.445448e+04,4.000000e-02,1.400000e-01,-1.327306e-04,-1.327306e+07,1.000000e-20,1.000000e-09
134,27,0,81,control,-2.650000e+04,3.445448e+04,3,interior,3.445448e+04,4.000000e-02,1.400000e-01,-1.327306e-04,-1.327306e+07,1.000000e-20,1.000000e-09
134,27,1,82,control,-2.600000e+04,3.532051e+04,3,interior,3.532051e+04,4.000000e-02,1.400000e-01,-1.327306e-04,-1.327306e+07,1.000000e-20,1.000000e-09
134,27,2,83,control,-2.550000e+04,3.445448e+04,3,interior,3.445448e+04,4.000000e-02,1.400000e-01,-1.327306e-04,-1.327306e+07,1.000000e-20,1.000000e-09
134,15,0,45,control,-2.499983e+04,3.531988e+04,3,interior,3.531988e+04,4.000000e-02,1.400000e-01,-1.327306e-04,-1.327306e+07,1.000000e-20,1.000000e-09
134,15,1,46,control,-2.550000e+04,3.445448e+04,3,interior,3.445448e+04,4.000000e-02,1.400000e-01,-1.327306e-04,-1.327306e+07,1.000000e-20,1.000000e-09
134,15,2,47,control,-2.450000e+04,3.445448e+04,3,interior,3.445448e+04,4.000000e-02,1.400000e-01,-1.327306e-04,-1.327306e+07,1.000000e-20,1.000000e-09
