x,y,z,peakV_mps,log_argmax_hits,is_blowup
365100.000,3838920.000,-2487.950,8.93702e+64,31339,1
365047.000,3838930.000,-2502.010,7.59948e+64,5823,1
365045.000,3838930.000,-2573.630,5.90938e+64,17258,1
365040.000,3838930.000,-2700.790,2.96114e+64,772,1
535064.000,3755440.000,-111.552,7980.29,8799,1
535364.000,3755330.000,-100.007,3234.25,754,1
535056.000,3755380.000,-46.639,2041.05,2527,1
535287.000,3755380.000,-121.644,848.291,1359,1
535133.000,3755330.000,-25.002,64.7764,952,1
535373.000,3755260.000,-25.002,34.9369,30,0
532834.000,3756070.000,-45.120,33.5472,299,0
506372.000,3768220.000,-44.374,31.0662,2,0
533905.000,3755760.000,-52.727,30.8259,239,0
532102.000,3756250.000,-41.031,30.5541,117,0
531862.000,3756320.000,-31.621,29.9041,163,0
521317.000,3764520.000,-3012.670,29.8235,228,0
532270.000,3756200.000,-41.031,29.5094,99,0
505690.000,3768530.000,-50.176,28.8809,2,0
532273.000,3756320.000,-164.126,28.2527,83,0
521392.000,3765150.000,-3980.200,28.1231,127,0
506058.000,3768420.000,-94.550,28.0218,2,0
532018.000,3756310.000,-72.652,27.9885,76,0
506603.000,3768130.000,-36.888,27.9756,1,0
529256.000,3756600.000,-35.430,27.6424,141,0
528991.000,3756590.000,-39.972,27.6177,155,0
532411.000,3756210.000,-86.152,27.5727,133,0
528611.000,3756620.000,-75.972,27.4671,213,0
521247.000,3765000.000,-3765.440,27.0806,99,0
506146.000,3768320.000,-44.374,26.892,1,0
506337.000,3768410.000,-177.496,26.7486,2,0
529396.000,3756710.000,-141.722,26.3394,126,0
532516.000,3756150.000,-45.120,26.3135,105,0
528880.000,3756720.000,-159.889,26.285,41,0
533663.000,3755820.000,-52.727,26.2398,115,0
506805.000,3768210.000,-147.553,26.2212,1,0
528734.000,3756560.000,-39.972,26.1967,108,0
528219.000,3756660.000,-35.999,25.9174,157,0
520969.000,3765130.000,-3921.230,25.9093,68,0
505918.000,3768430.000,-50.176,25.7664,1,0
529541.000,3756610.000,-35.430,25.7206,189,0
535854.000,3755110.000,-29.578,25.6005,260,0
520799.000,3765050.000,-3759.660,25.5626,108,0
531936.000,3756450.000,-167.516,25.5449,20,0
531779.000,3756460.000,-126.484,25.4693,36,0
539201.000,3753900.000,-19.312,25.4361,178,0
521295.000,3765190.000,-4037.130,25.4002,25,0
528092.000,3756740.000,-64.092,25.0849,162,0
521521.000,3765200.000,-4040.390,24.994,109,0
531278.000,3756640.000,-119.156,24.9691,49,0
539899.000,3753630.000,-20.392,24.9667,205,0
521222.000,3764920.000,-3627.940,24.8846,28,0
531301.000,3756540.000,-44.485,24.8729,130,0
527643.000,3756820.000,-28.092,24.8712,105,0
506515.000,3768210.000,-81.262,24.8607,1,0
521087.000,3764870.000,-3574.310,24.7002,47,0
533549.000,3755900.000,-101.146,24.6868,134,0
536338.000,3754960.000,-31.873,24.6325,232,0
533405.000,3755890.000,-48.419,24.5527,189,0
529124.000,3756640.000,-75.403,24.4511,92,0
531458.000,3756510.000,-56.511,24.4475,123,0
531673.000,3756530.000,-151.374,24.2907,75,0
527685.000,3756960.000,-133.169,24.2843,104,0
527819.000,3756900.000,-112.369,24.1948,120,0
540830.000,3753260.000,-22.629,24.1277,186,0
534147.000,3755700.000,-57.440,24.0802,182,0
539433.000,3753810.000,-19.312,23.9781,168,0
531564.000,3756440.000,-31.621,23.9483,82,0
529671.000,3756650.000,-64.189,23.7747,103,0
521764.000,3765190.000,-4006.230,23.6764,90,0
534389.000,3755640.000,-57.440,23.6221,225,0
521715.000,3765390.000,-4338.470,23.5568,107,0
530105.000,3756630.000,-28.758,23.5463,158,0
528237.000,3756860.000,-172.090,23.4252,58,0
531201.000,3756540.000,-19.594,23.3674,85,0
527348.000,3756880.000,-20.800,23.2833,216,0
529264.000,3756750.000,-181.694,23.2368,21,0
528364.000,3756780.000,-143.997,23.2317,28,0
527509.000,3756890.000,-48.892,22.9939,115,0
533002.000,3756070.000,-93.540,22.9001,196,0
529775.000,3756740.000,-150.464,22.727,118,0
528477.000,3756590.000,-35.999,22.6683,24,0
521790.000,3765270.000,-4135.080,22.6555,17,0
527967.000,3756910.000,-148.368,22.6068,101,0
539428.000,3753860.000,-77.249,22.5894,87,0
533119.000,3755990.000,-48.419,22.5666,168,0
521547.000,3765280.000,-4169.250,22.5664,10,0
529816.000,3756610.000,-28.758,22.4488,95,0
538473.000,3754260.000,-59.282,22.2701,229,0
531435.000,3756600.000,-131.182,22.177,51,0
535531.000,3755240.000,-54.580,22.143,166,0
538988.000,3754040.000,-77.293,22.129,125,0
515666.000,3761040.000,-20.844,22.0553,157,0
522088.000,3765420.000,-4338.610,22.0091,122,0
540826.000,3753310.000,-90.516,21.9173,141,0
530298.000,3756730.000,-122.420,21.8894,186,0
539894.000,3753680.000,-81.568,21.7625,93,0
542680.000,3752480.000,-27.014,21.6735,236,0
521926.000,3765300.000,-4177.420,21.6438,83,0
515387.000,3761270.000,-21.173,21.621,164,0
539666.000,3753720.000,-20.392,21.5949,176,0
533306.000,3756070.000,-193.677,21.5799,47,0
536830.000,3754810.000,-39.305,21.4453,200,0
539127.000,3753950.000,-38.636,21.4277,51,0
541295.000,3753080.000,-23.758,21.421,196,0
536016.000,3755090.000,-61.451,21.3906,123,0
522113.000,3765490.000,-4461.220,21.3822,134,0
534035.000,3755780.000,-110.167,21.3624,109,0
527409.000,3757010.000,-111.292,21.359,9,0
537487.000,3754570.000,-44.788,21.279,179,0
535614.000,3755190.000,-29.578,21.0987,49,0
525165.000,3757180.000,-41.251,21.0364,224,0
530225.000,3756660.000,-52.174,21.0358,114,0
537026.000,3754750.000,-39.305,21.0127,177,0
530610.000,3756640.000,-23.415,20.9501,162,0
515691.000,3761220.000,-104.550,20.9468,45,0
538218.000,3754350.000,-59.282,20.8466,210,0
540597.000,3753350.000,-22.629,20.7971,157,0
538975.000,3754000.000,-19.323,20.7552,102,0
521850.000,3765430.000,-4380.810,20.6859,49,0
515262.000,3761400.000,-21.173,20.661,58,0
515366.000,3761500.000,-104.019,20.6497,36,0
515857.000,3761080.000,-103.156,20.6441,75,0
515796.000,3760980.000,-40.623,20.5965,80,0
530041.000,3756740.000,-138.449,20.5325,17,0
536345.000,3755050.000,-127.491,20.5033,51,0
515494.000,3761230.000,-42.017,20.4736,97,0
537727.000,3754490.000,-52.221,20.4106,215,0
536008.000,3755180.000,-150.185,20.3971,67,0
546396.000,3750820.000,-35.874,20.3734,168,0
536098.000,3755040.000,-31.873,20.3731,70,0
516092.000,3760840.000,-79.115,20.2355,83,0
515214.000,3761500.000,-40.501,20.2149,76,0
534633.000,3755580.000,-85.143,20.0953,155,0
536628.000,3754870.000,-31.873,20.0797,142,0
536471.000,3754920.000,-31.873,20.0733,162,0
516049.000,3760920.000,-99.959,19.9611,85,0
537391.000,3754750.000,-179.151,19.9279,47,0
516030.000,3760750.000,-19.779,19.9219,82,0
522440.000,3765720.000,-4801.280,19.9042,150,0
522163.000,3765650.000,-4710.530,19.8818,143,0
539587.000,3753770.000,-39.704,19.8453,25,0
534519.000,3755660.000,-120.946,19.8071,121,0
531359.000,3756750.000,-231.835,19.807,10,0
534878.000,3755550.000,-150.056,19.8053,56,0
534908.000,3755480.000,-86.550,19.7949,48,0
540364.000,3753450.000,-21.510,19.749,127,0
534900.000,3755410.000,-21.638,19.7443,26,0
522424.000,3765640.000,-4674.130,19.6859,94,0
540518.000,3753400.000,-44.139,19.6484,66,0
542225.000,3752690.000,-27.061,19.6258,155,0
525653.000,3757160.000,-42.578,19.6036,183,0
530440.000,3756700.000,-93.662,19.5913,108,0
526946.000,3758820.000,-1240.750,19.5348,97,0
541993.000,3752800.000,-27.061,19.5212,225,0
530947.000,3756660.000,-78.378,19.5087,125,0
530544.000,3756720.000,-113.256,19.4261,44,0
516511.000,3760590.000,-104.346,19.3802,138,0
541292.000,3753130.000,-95.031,19.351,96,0
537280.000,3754830.000,-218.456,19.3355,66,0
515839.000,3760900.000,-19.779,19.2715,23,0
515078.000,3761730.000,-77.311,19.2341,121,0
540132.000,3753540.000,-21.510,19.2289,216,0
527130.000,3757040.000,-100.562,19.2208,139,0
531047.000,3756670.000,-103.268,19.1489,70,0
516374.000,3760540.000,-40.920,19.1243,98,0
524211.000,3757220.000,-31.463,19.1082,201,0
515196.000,3761660.000,-98.484,19.0193,84,0
524335.000,3757280.000,-68.839,18.9991,87,0
546375.000,3750880.000,-143.496,18.9672,124,0
525287.000,3757240.000,-83.829,18.964,133,0
524461.000,3757460.000,-180.967,18.9576,126,0
526734.000,3756960.000,-17.362,18.9008,126,0
530368.000,3756630.000,-23.415,18.8309,40,0
537250.000,3754670.000,-44.788,18.807,76,0
542224.000,3752750.000,-108.242,18.7814,118,0
542677.000,3752540.000,-108.058,18.771,51,0
514894.000,3761800.000,-19.328,18.7666,125,0
525904.000,3757400.000,-223.661,18.7543,155,0
538747.000,3754110.000,-19.323,18.6906,148,0
516203.000,3760750.000,-79.115,18.682,73,0
516281.000,3760560.000,-19.779,18.6788,44,0
516141.000,3760660.000,-19.779,18.6612,62,0
539814.000,3753720.000,-100.880,18.6501,9,0
530714.000,3756660.000,-43.010,18.6444,71,0
516916.000,3760320.000,-96.861,18.6415,172,0
534779.000,3755700.000,-275.660,18.6275,58,0
522251.000,3765530.000,-4503.890,18.6215,8,0
524810.000,3757260.000,-78.627,18.5809,124,0
540360.000,3753490.000,-86.040,18.574,70,0
537138.000,3754750.000,-84.093,18.5656,95,0
537614.000,3754570.000,-97.008,18.5438,80,0
537969.000,3754430.000,-52.221,18.5321,170,0
531011.000,3756950.000,-335.446,18.4798,123,0
538609.000,3754250.000,-126.110,18.478,123,0
525778.000,3757220.000,-87.849,18.4708,67,0
540747.000,3753360.000,-112.026,18.4512,16,0
516616.000,3760480.000,-84.567,18.4088,112,0
516825.000,3760260.000,-40.071,18.3981,115,0
534663.000,3755510.000,-21.638,18.3935,66,0
526921.000,3756970.000,-38.162,18.294,158,0
538101.000,3754430.000,-111.502,18.2736,120,0
538723.000,3754170.000,-86.152,18.2698,39,0
524689.000,3757200.000,-37.376,18.2334,119,0
540281.000,3753540.000,-106.432,18.1772,37,0
545467.000,3751250.000,-33.572,18.1525,262,0
536714.000,3754880.000,-71.178,18.1153,13,0
522441.000,3765890.000,-5070.510,18.0386,142,0
526659.000,3757160.000,-132.247,17.9755,114,0
525413.000,3757410.000,-211.563,17.9516,90,0
514723.000,3762000.000,-16.794,17.9351,234,0
544021.000,3751890.000,-31.422,17.9315,209,0
542818.000,3752420.000,-27.014,17.9307,142,0
525533.000,3757350.000,-170.313,17.9197,102,0
546190.000,3750910.000,-35.874,17.9185,102,0
516725.000,3760450.000,-103.496,17.9088,85,0
526779.000,3757040.000,-69.449,17.8436,5,0
543509.000,3752170.000,-109.767,17.8228,130,0
526366.000,3757070.000,-53.892,17.8168,62,0
526685.000,3757080.000,-82.922,17.7931,51,0
523543.000,3757590.000,-107.018,17.7653,138,0
542377.000,3752640.000,-54.075,17.7524,102,0
524935.000,3757440.000,-202.379,17.7499,52,0
526782.000,3757200.000,-171.785,17.7384,6,0
526213.000,3757100.000,-53.892,17.7098,147,0
546107.000,3750970.000,-71.289,17.6776,121,0
541759.000,3752950.000,-100.136,17.6653,103,0
520529.000,3764590.000,-3171.780,17.6382,67,0
541761.000,3752900.000,-25.034,17.6145,97,0
524577.000,3757390.000,-149.504,17.5996,134,0
543405.000,3752190.000,-79.142,17.5869,153,0
526351.000,3757000.000,-13.473,17.5862,54,0
541680.000,3753000.000,-123.894,17.5328,37,0
543003.000,3752340.000,-27.014,17.5325,106,0
525407.000,3757170.000,-42.578,17.4894,28,0
524927.000,3757190.000,-41.251,17.4014,15,0
523535.000,3757360.000,-23.554,17.3861,140,0
543569.000,3752090.000,-30.624,17.3754,146,0
522678.000,3765900.000,-5069.700,17.3669,114,0
542453.000,3752590.000,-27.014,17.3586,84,0
523649.000,3757510.000,-94.215,17.3581,39,0
523855.000,3757330.000,-55.017,17.348,132,0
526172.000,3757170.000,-99.162,17.3294,97,0
530766.000,3756780.000,-168.199,17.3192,94,0
541063.000,3753170.000,-23.758,17.2781,143,0
522678.000,3765980.000,-5201.630,17.2627,111,0
514837.000,3761900.000,-36.122,17.2041,87,0
543058.000,3752370.000,-108.857,17.1994,116,0
526409.000,3757390.000,-256.045,17.1131,37,0
541915.000,3752850.000,-52.094,17.0896,53,0
543798.000,3751990.000,-30.624,17.0812,165,0
540052.000,3753580.000,-41.902,17.0492,7,0
543248.000,3752260.000,-79.142,17.0065,162,0
517027.000,3760210.000,-75.719,16.9559,56,0
526557.000,3756980.000,-13.473,16.9529,10,0
517121.000,3760260.000,-123.875,16.9511,76,0
523991.000,3757510.000,-149.405,16.9398,85,0
526032.000,3757340.000,-194.556,16.8905,87,0
523430.000,3757450.000,-36.356,16.8139,89,0
544454.000,3751700.000,-32.096,16.8046,173,0
525948.000,3757080.000,-13.473,16.7649,49,0
523002.000,3765750.000,-4754.860,16.7391,13,0
541450.000,3753040.000,-48.792,16.706,110,0
522973.000,3765810.000,-4864.390,16.6896,37,0
543920.000,3751950.000,-62.046,16.6262,102,0
525906.000,3757160.000,-58.744,16.6154,51,0
523741.000,3757290.000,-23.554,16.6094,69,0
516715.000,3760280.000,-21.142,16.6089,1,0
521051.000,3764520.000,-3040.720,16.6039,3,0
514568.000,3762220.000,-16.794,16.5752,177,0
517168.000,3760010.000,-18.930,16.5301,30,0
530797.000,3757280.000,-640.388,16.4337,108,0
523967.000,3757250.000,-31.463,16.4284,16,0
545962.000,3751020.000,-35.415,16.4214,62,0
544249.000,3751790.000,-31.422,16.3939,222,0
522896.000,3766140.000,-5437.690,16.3803,201,0
523762.000,3757540.000,-125.678,16.3205,12,0
520719.000,3759170.000,-23.803,16.2828,181,0
541528.000,3752990.000,-25.034,16.2786,41,0
546626.000,3750710.000,-34.863,16.25,173,0
514402.000,3762470.000,-41.986,16.1951,185,0
546876.000,3750600.000,-34.863,16.1868,176,0
545828.000,3751160.000,-175.233,16.1341,99,0
541503.000,3753120.000,-197.578,16.1185,54,0
540984.000,3753220.000,-46.387,16.073,44,0
520841.000,3759210.000,-52.589,16.03,123,0
514531.000,3762440.000,-89.322,16.0175,108,0
544805.000,3751540.000,-32.748,16.0168,206,0
545919.000,3751100.000,-141.661,15.9732,62,0
546535.000,3750770.000,-70.737,15.8903,8,0
541575.000,3753250.000,-409.835,15.8873,22,0
545208.000,3751360.000,-33.572,15.884,152,0
544993.000,3751520.000,-130.991,15.7204,109,0
544986.000,3751460.000,-32.748,15.6765,105,0
545443.000,3751320.000,-134.290,15.6681,56,0
523099.000,3757570.000,-12.803,15.645,133,0
523115.000,3757680.000,-51.210,15.6436,69,0
545713.000,3751130.000,-35.415,15.6055,163,0
544369.000,3751760.000,-63.518,15.5637,55,0
545124.000,3751420.000,-66.320,15.5237,90,0
544617.000,3751630.000,-32.096,15.5075,101,0
521118.000,3759060.000,-28.786,15.4899,177,0
513545.000,3767840.000,-2701.160,15.4656,5,0
521503.000,3759260.000,-181.693,15.4539,137,0
522935.000,3765940.000,-5100.550,15.4352,110,0
547254.000,3750490.000,-133.521,15.3057,156,0
545622.000,3751200.000,-68.988,15.1754,71,0
514167.000,3762760.000,-81.175,15.154,127,0
521664.000,3758510.000,-17.531,15.0552,227,0
544734.000,3751590.000,-64.844,15.0428,53,0
523083.000,3757790.000,-76.256,15.0349,124,0
521263.000,3759100.000,-67.013,14.9871,111,0
514222.000,3762630.000,-41.986,14.9854,133,0
523238.000,3757610.000,-51.210,14.9806,13,0
547074.000,3750520.000,-33.380,14.9662,124,0
523319.000,3757630.000,-74.764,14.9549,38,0
546746.000,3750730.000,-175.325,14.8661,23,0
548364.000,3749950.000,-34.319,14.86,264,0
553103.000,3747720.000,-59.493,14.8576,250,0
523222.000,3757500.000,-12.803,14.85,5,0
521615.000,3759150.000,-170.439,14.8334,97,0
522857.000,3757710.000,-12.803,14.8272,81,0
522825.000,3757820.000,-37.849,14.6907,145,0
521334.000,3758890.000,-17.531,14.6744,24,0
547296.000,3750420.000,-33.380,14.6678,187,0
550029.000,3749240.000,-111.193,14.6532,302,0
513596.000,3768100.000,-2965.190,14.6426,3,0
544056.000,3751950.000,-156.312,14.6313,22,0
553949.000,3747220.000,-65.338,14.5966,133,0
522425.000,3758320.000,-80.974,14.5835,178,0
521674.000,3758910.000,-108.352,14.5766,133,0
521001.000,3759390.000,-138.945,14.5482,47,0
514011.000,3767550.000,-2617.840,14.5214,9,0
522970.000,3758010.000,-112.986,14.4877,10,0
523285.000,3766110.000,-5325.640,14.487,126,0
513582.000,3763510.000,-199.199,14.4081,23,0
522205.000,3758350.000,-42.030,14.3948,134,0
514434.000,3767650.000,-2871.260,14.3767,26,0
521083.000,3759290.000,-115.142,14.3515,27,0
530887.000,3756820.000,-207.145,14.3444,7,0
513834.000,3762980.000,-39.189,14.3338,42,0
553874.000,3747370.000,-261.353,14.3303,71,0
522340.000,3758540.000,-129.176,14.3102,36,0
547019.000,3750560.000,-68.243,14.2981,20,0
513553.000,3768480.000,-3291.480,14.2871,4,0
522712.000,3757900.000,-38.027,14.2185,150,0
607407.000,3702510.000,-63.960,14.1511,173,0
546980.000,3750630.000,-172.831,14.1159,40,0
523174.000,3766050.000,-5247.630,14.1104,9,0
522212.000,3758250.000,-12.981,14.0922,14,0
522083.000,3758450.000,-46.580,14.0725,94,0
521972.000,3758400.000,-17.531,14.0591,174,0
609544.000,3700400.000,-62.200,14.0306,226,0
514396.000,3768030.000,-3204.030,14.0232,11,0
514851.000,3767760.000,-3129.760,14.0088,34,0
523131.000,3766170.000,-5466.150,13.993,5,0
523360.000,3766230.000,-5522.940,13.979,137,0
550908.000,3748770.000,-19.140,13.9737,174,0
553733.000,3747340.000,-65.338,13.944,146,0
522630.000,3758140.000,-76.971,13.9327,50,0
554613.000,3746860.000,-181.459,13.9205,201,0
520296.000,3759290.000,-23.875,13.9109,189,0
608297.000,3701630.000,-64.600,13.9046,114,0
513940.000,3768300.000,-3283.700,13.902,9,0
554068.000,3747180.000,-137.317,13.8994,178,0
605628.000,3704270.000,-61.355,13.8815,322,0
522466.000,3758040.000,-12.981,13.8779,69,0
514032.000,3762800.000,-39.189,13.8709,66,0
522218.000,3758640.000,-133.726,13.855,13,0
608476.000,3701460.000,-64.077,13.8461,141,0
609188.000,3700750.000,-62.827,13.8409,192,0
547199.000,3750460.000,-33.380,13.8232,60,0
607763.000,3702160.000,-64.456,13.812,130,0
523074.000,3766240.000,-5577.630,13.7962,25,0
522431.000,3758210.000,-51.925,13.794,87,0
514024.000,3768190.000,-3215.170,13.7819,1,0
608119.000,3701810.000,-64.600,13.7459,122,0
607052.000,3702860.000,-63.437,13.7157,127,0
608832.000,3701110.000,-63.455,13.7068,151,0
556504.000,3745610.000,-44.675,13.6875,108,0
513760.000,3767880.000,-2825.080,13.6853,4,0
550906.000,3748800.000,-76.562,13.6349,122,0
558447.000,3744460.000,-48.858,13.6266,163,0
609010.000,3700930.000,-63.455,13.6234,109,0
551926.000,3748340.000,-132.854,13.6232,240,0
550458.000,3749020.000,-95.699,13.5992,170,0
547463.000,3750340.000,-33.380,13.5893,127,0
607941.000,3701980.000,-64.456,13.585,73,0
514478.000,3767920.000,-3135.450,13.5736,20,0
520823.000,3759580.000,-176.012,13.5156,37,0
520112.000,3759630.000,-128.643,13.502,155,0
556402.000,3745690.000,-85.523,13.4969,144,0
514170.000,3768160.000,-3243.650,13.4875,2,0
554420.000,3746930.000,-79.211,13.4834,175,0
549627.000,3749430.000,-123.368,13.4524,282,0
604562.000,3705320.000,-62.069,13.4517,91,0
608654.000,3701280.000,-64.077,13.4475,90,0
522874.000,3758230.000,-152.355,13.4445,44,0
554835.000,3746650.000,-43.140,13.4286,141,0
607229.000,3702690.000,-63.437,13.4059,12,0
520577.000,3759500.000,-119.087,13.3727,141,0
548485.000,3749910.000,-68.168,13.3545,104,0
607585.000,3702340.000,-63.960,13.3538,24,0
554192.000,3747040.000,-19.803,13.3445,94,0
557524.000,3745000.000,-47.279,13.337,160,0
604917.000,3704970.000,-61.239,13.3166,32,0
554742.000,3746880.000,-358.780,13.3139,43,0
608770.000,3701220.000,-127.532,13.3064,11,0
557222.000,3745210.000,-93.666,13.2964,228,0
554822.000,3746740.000,-192.062,13.2914,25,0
556036.000,3746130.000,-470.087,13.2553,200,0
551292.000,3748600.000,-19.140,13.241,211,0
521773.000,3758450.000,-17.531,13.2372,53,0
550021.000,3749200.000,-27.798,13.2356,22,0
550456.000,3748990.000,-23.925,13.2279,57,0
554760.000,3746680.000,-19.803,13.2197,44,0
556540.000,3745680.000,-219.548,13.2135,36,0
604384.000,3705500.000,-62.853,13.2112,39,0
607701.000,3702280.000,-128.416,13.21,9,0
555455.000,3746270.000,-65.964,13.1879,145,0
609722.000,3700230.000,-62.200,13.1861,107,0
513772.000,3763120.000,-78.847,13.1856,13,0
554208.000,3747210.000,-353.255,13.1788,106,0
515602.000,3776630.000,-11252.500,13.1455,14,0
550682.000,3748880.000,-19.140,13.1355,95,0
523694.000,3766070.000,-5199.170,13.1184,55,0
515435.000,3776540.000,-11091.500,13.0842,8,0
520608.000,3759640.000,-172.042,13.0708,61,0
558996.000,3744160.000,-100.079,13.0627,213,0
520133.000,3759770.000,-190.231,13.0332,87,0
550607.000,3748920.000,-43.065,13.0171,155,0
556277.000,3745750.000,-40.848,13.0017,109,0
558373.000,3744580.000,-195.432,12.9911,57,0
609366.000,3700580.000,-62.827,12.9766,52,0
560937.000,3742980.000,-52.133,12.9583,192,0
520231.000,3759530.000,-95.501,12.9519,69,0
556560.000,3745730.000,-323.076,12.9322,35,0
551798.000,3748370.000,-68.451,12.9194,109,0
555376.000,3746450.000,-297.464,12.9032,68,0
555135.000,3746450.000,-23.337,12.8636,78,0
555292.000,3746350.000,-30.358,12.8542,77,0
549052.000,3749640.000,-33.117,12.8472,151,0
554937.000,3746700.000,-256.283,12.8414,116,0
610257.000,3699700.000,-60.954,12.8407,222,0
555047.000,3746560.000,-123.707,12.8367,118,0
560811.000,3743170.000,-260.511,12.8334,162,0
524578.000,3772310.000,-11917.800,12.8013,44,0
554309.000,3747120.000,-307.719,12.7973,58,0
555933.000,3745980.000,-76.455,12.7907,141,0
559674.000,3743730.000,-51.226,12.7687,160,0
553643.000,3747760.000,-695.476,12.7683,118,0
549960.000,3749280.000,-142.035,12.7636,34,0
557753.000,3744870.000,-48.071,12.7517,124,0
556722.000,3745480.000,-44.675,12.7453,86,0
561580.000,3742630.000,-104.886,12.7445,177,0
558004.000,3744720.000,-48.071,12.7437,121,0
556641.000,3745600.000,-178.700,12.7425,50,0
556840.000,3745430.000,-91.062,12.7194,149,0
548592.000,3749850.000,-33.849,12.7132,63,0
557654.000,3744950.000,-95.350,12.7043,108,0
522060.000,3759110.000,-250.260,12.6945,9,0
548032.000,3750110.000,-69.487,12.6786,114,0
547489.000,3750740.000,-823.712,12.673,204,0
609900.000,3700050.000,-61.572,12.664,143,0
558566.000,3744410.000,-98.503,12.6236,122,0
552685.000,3747920.000,-60.756,12.6234,97,0
547623.000,3750320.000,-125.586,12.6195,86,0
561722.000,3742630.000,-262.531,12.6194,90,0
549542.000,3749490.000,-156.485,12.5962,72,0
557801.000,3745100.000,-534.900,12.593,123,0
553637.000,3747430.000,-125.952,12.5846,43,0
557106.000,3745250.000,-46.387,12.5746,121,0
563971.000,3741280.000,-217.996,12.5692,178,0
547910.000,3750150.000,-35.168,12.5687,186,0
557429.000,3745220.000,-344.387,12.5569,72,0
609838.000,3700170.000,-123.772,12.5536,27,0
551061.000,3748700.000,-19.140,12.5535,122,0
558134.000,3744670.000,-96.929,12.5515,154,0
557393.000,3745180.000,-235.503,12.5405,70,0
549838.000,3749280.000,-27.798,12.5389,169,0
548135.000,3750050.000,-34.319,12.5381,140,0
555798.000,3746040.000,-35.607,12.5244,142,0
555268.000,3746430.000,-144.768,12.5223,19,0
553037.000,3747850.000,-237.971,12.5192,26,0
548821.000,3749750.000,-33.849,12.5064,160,0
552620.000,3748060.000,-243.026,12.4957,40,0
555175.000,3746620.000,-389.789,12.4917,55,0
555451.000,3746670.000,-789.870,12.4912,94,0
550307.000,3749280.000,-450.732,12.4859,73,0
558663.000,3744330.000,-49.645,12.451,87,0
556189.000,3745870.000,-163.393,12.4406,83,0
557926.000,3744840.000,-192.283,12.4375,58,0
559097.000,3744340.000,-550.821,12.4348,83,0
549079.000,3749700.000,-166.316,12.4238,122,0
564041.000,3741140.000,-54.499,12.401,68,0
549286.000,3749540.000,-33.117,12.381,130,0
551350.000,3748610.000,-92.753,12.3796,96,0
561668.000,3742550.000,-52.548,12.3663,61,0
555259.000,3746480.000,-228.792,12.3574,33,0
610079.000,3699880.000,-61.572,12.345,112,0
562194.000,3742330.000,-211.032,12.3403,161,0
559435.000,3744180.000,-617.742,12.3292,131,0
548943.000,3749710.000,-66.965,12.3247,141,0
548405.000,3750340.000,-822.235,12.3229,163,0
549388.000,3749730.000,-488.774,12.3224,59,0
558878.000,3744200.000,-49.645,12.3155,132,0
552089.000,3748360.000,-326.064,12.3053,119,0
560873.000,3743200.000,-375.519,12.2938,17,0
552946.000,3747930.000,-298.727,12.2786,22,0
549409.000,3749500.000,-63.959,12.2758,90,0
549494.000,3749450.000,-30.842,12.2728,74,0
571523.000,3736600.000,-294.096,12.261,249,0
558232.000,3744580.000,-48.858,12.2481,84,0
554515.000,3746950.000,-230.101,12.2456,6,0
552896.000,3747820.000,-59.493,12.2235,105,0
556976.000,3745430.000,-230.223,12.2161,90,0
553501.000,3747730.000,-494.736,12.2083,192,0
561373.000,3742810.000,-209.353,12.1883,153,0
558707.000,3744410.000,-247.439,12.1791,96,0
559083.000,3744080.000,-50.434,12.1751,3,0
551023.000,3748820.000,-229.313,12.1653,46,0
555605.000,3746380.000,-434.002,12.1647,62,0
549228.000,3749710.000,-315.959,12.1635,29,0
560471.000,3743340.000,-207.907,12.1576,111,0
559283.000,3744170.000,-428.077,12.1549,94,0
555639.000,3746220.000,-172.784,12.1539,29,0
562034.000,3742330.000,-52.758,12.1317,136,0
559802.000,3743680.000,-103.085,12.1294,155,0
556759.000,3745550.000,-225.087,12.1132,53,0
553218.000,3747700.000,-120.106,12.0902,86,0
551622.000,3748780.000,-688.177,12.0849,110,0
560019.000,3743700.000,-373.339,12.0823,105,0
556926.000,3745360.000,-46.387,12.0737,46,0
561749.000,3742680.000,-377.945,12.0456,34,0
558300.000,3744710.000,-354.324,12.0406,36,0
559339.000,3744040.000,-252.962,12.0363,102,0
552124.000,3748410.000,-457.787,12.0353,68,0
580235.000,3729070.000,-315.025,12.0239,142,0
560249.000,3743420.000,-103.835,12.0196,118,0
555676.000,3746240.000,-264.794,12.018,63,0
559636.000,3743840.000,-204.905,12.0138,24,0
560570.000,3743230.000,-104.110,12.0031,46,0
559135.000,3744160.000,-251.381,11.9992,90,0
561974.000,3742400.000,-105.306,11.9756,70,0
576984.000,3732560.000,-834.734,11.9713,212,0
551528.000,3748860.000,-761.072,11.9644,178,0
552527.000,3748140.000,-307.429,11.9639,89,0
561092.000,3742920.000,-104.472,11.9625,115,0
552463.000,3748030.000,-60.756,11.9563,123,0
558804.000,3744330.000,-198.581,11.9541,37,0
610435.000,3699530.000,-60.954,11.9531,98,0
562568.000,3742020.000,-52.969,11.9441,84,0
552679.000,3748160.000,-495.771,11.9353,104,0
558234.000,3744850.000,-540.213,11.934,18,0
561927.000,3742510.000,-262.950,11.9296,42,0
563087.000,3741710.000,-53.199,11.9249,181,0
562525.000,3742160.000,-264.633,11.9199,55,0
558275.000,3744660.000,-243.503,11.9059,36,0
561810.000,3742550.000,-210.192,11.8993,106,0
562720.000,3741960.000,-106.168,11.8953,108,0
560570.000,3743410.000,-438.046,11.8934,153,0
575880.000,3733410.000,-637.098,11.879,152,0
559527.000,3744090.000,-556.283,11.8728,83,0
548867.000,3749840.000,-261.281,11.8479,12,0
553358.000,3747710.000,-301.947,11.8272,109,0
580389.000,3729050.000,-507.618,11.8016,135,0
576261.000,3733090.000,-637.736,11.8001,107,0
610613.000,3699350.000,-60.441,11.786,190,0
579541.000,3729970.000,-640.787,11.7858,189,0
548106.000,3750280.000,-445.538,11.774,48,0
562588.000,3742180.000,-380.549,11.7678,82,0
568595.000,3738510.000,-292.450,11.7589,174,0
552020.000,3748260.000,-64.403,11.7507,10,0
560199.000,3743530.000,-259.411,11.7462,41,0
560410.000,3743410.000,-259.766,11.7373,104,0
559980.000,3743660.000,-258.660,11.7237,81,0
563340.000,3741560.000,-53.655,11.6983,108,0
560144.000,3743660.000,-437.243,11.6969,52,0
553323.000,3747900.000,-619.128,11.6894,91,0
548185.000,3750150.000,-266.457,11.6854,5,0
557309.000,3745130.000,-47.279,11.682,22,0
563826.000,3741270.000,-54.499,11.6813,99,0
575845.000,3733560.000,-831.347,11.6809,192,0
551576.000,3748490.000,-68.451,11.6747,37,0
572756.000,3735740.000,-305.387,11.6443,174,0
552249.000,3748380.000,-516.590,11.6367,121,0
580543.000,3729030.000,-702.000,11.6357,150,0
564738.000,3740850.000,-280.788,11.6313,168,0
565038.000,3740880.000,-658.134,11.6272,126,0
577514.000,3731840.000,-509.683,11.6249,151,0
564592.000,3740850.000,-111.769,11.6219,189,0
559891.000,3743600.000,-51.858,11.6197,70,0
581677.000,3727860.000,-633.428,11.6161,228,0
560120.000,3743470.000,-51.858,11.6044,20,0
563241.000,3741650.000,-106.854,11.602,132,0
551482.000,3748570.000,-142.063,11.6019,76,0
563875.000,3741360.000,-271.651,11.5881,76,0
578459.000,3731020.000,-639.045,11.5839,133,0
562353.000,3742140.000,-52.969,11.5827,79,0
553385.000,3747760.000,-426.702,11.5819,77,0
576998.000,3732200.000,-316.730,11.5813,145,0
579112.000,3730430.000,-704.138,11.5786,141,0
562806.000,3741880.000,-53.199,11.5778,106,0
550667.000,3748970.000,-193.979,11.5721,6,0
562290.000,3742210.000,-105.727,11.5674,54,0
552849.000,3748250.000,-822.082,11.5638,51,0
568260.000,3738690.000,-235.465,11.5625,196,0
578030.000,3731470.000,-704.033,11.5588,110,0
580279.000,3729120.000,-442.984,11.5548,61,0
576099.000,3732900.000,-126.302,11.5514,120,0
561441.000,3742900.000,-439.940,11.5482,45,0
551084.000,3749090.000,-790.630,11.5389,34,0
574351.000,3734510.000,-313.664,11.5379,128,0
565599.000,3740350.000,-289.862,11.537,202,0
578957.000,3730450.000,-509.348,11.5355,148,0
552369.000,3748110.000,-125.160,11.5298,104,0
582899.000,3726620.000,-490.731,11.5141,201,0
562488.000,3742450.000,-760.308,11.5062,50,0
563730.000,3741360.000,-108.154,11.4932,127,0
583843.000,3725620.000,-293.354,11.4898,169,0
552377.000,3748600.000,-1037.410,11.4866,13,0
576411.000,3732870.000,-508.738,11.4657,177,0
563523.000,3741540.000,-214.619,11.4611,109,0
568438.000,3738500.000,-117.262,11.4591,163,0
574738.000,3734380.000,-635.347,11.4536,215,0
561873.000,3742640.000,-441.271,11.4522,31,0
548727.000,3749840.000,-135.394,11.4483,26,0
568908.000,3738540.000,-669.191,11.4443,229,0
565332.000,3740380.000,-57.247,11.4336,106,0
564887.000,3740870.000,-465.431,11.4207,134,0
552309.000,3748250.000,-318.369,11.4096,40,0
564455.000,3741120.000,-459.591,11.4049,42,0
572654.000,3736040.000,-685.048,11.3973,148,0
552788.000,3748390.000,-1024.180,11.3959,4,0
552768.000,3748090.000,-428.011,11.3885,33,0
577153.000,3732180.000,-509.904,11.3854,124,0
564687.000,3740760.000,-56.340,11.3826,63,0
576641.000,3732750.000,-638.826,11.3754,201,0
577763.000,3731560.000,-444.729,11.3674,124,0
583545.000,3725850.000,-236.748,11.3597,140,0
565169.000,3740600.000,-285.327,11.3406,159,0
584284.000,3725170.000,-231.585,11.3304,120,0
560311.000,3743350.000,-51.977,11.3283,61,0
570177.000,3737740.000,-661.498,11.3195,228,0
577875.000,3731490.000,-509.541,11.3152,115,0
580302.000,3728960.000,-251.892,11.3126,27,0
575499.000,3733740.000,-636.505,11.3123,187,0
565452.000,3740340.000,-115.401,11.3091,180,0
561045.000,3743450.000,-1016.530,11.3063,39,0
562454.000,3742400.000,-632.087,11.305,35,0
578485.000,3730860.000,-444.509,11.3032,103,0
564471.000,3740890.000,-55.430,11.2991,61,0
574391.000,3734560.000,-441.056,11.2988,108,0
576295.000,3732930.000,-443.764,11.2958,91,0
580990.000,3728410.000,-441.029,11.2951,131,0
563597.000,3741410.000,-53.655,11.2941,17,0
581653.000,3728020.000,-828.519,11.2855,111,0
584160.000,3725590.000,-667.760,11.2791,150,0
562167.000,3742260.000,-52.758,11.275,6,0
586368.000,3723550.000,-635.552,11.264,232,0
572430.000,3735930.000,-241.904,11.2632,179,0
563591.000,3741630.000,-448.180,11.2625,106,0
573567.000,3735350.000,-630.874,11.261,202,0
564161.000,3741100.000,-109.929,11.2471,78,0
571832.000,3736610.000,-674.630,11.2471,106,0
567323.000,3739310.000,-299.326,11.23,205,0
578287.000,3730840.000,-126.566,11.2298,101,0
578124.000,3731210.000,-444.617,11.2261,104,0
577583.000,3731730.000,-444.785,11.2241,142,0
564402.000,3741020.000,-221.718,11.2237,71,0
580413.000,3728900.000,-314.707,11.2166,8,0
578820.000,3730670.000,-638.963,11.2148,59,0
576567.000,3732860.000,-703.360,11.2131,140,0
571678.000,3736600.000,-481.608,11.2105,144,0
562027.000,3742650.000,-630.618,11.1988,20,0
565318.000,3740610.000,-471.207,11.1962,64,0
562134.000,3742390.000,-263.580,11.1938,17,0
565003.000,3741080.000,-981.147,11.1916,39,0
610791.000,3699170.000,-60.441,11.1893,176,0
582034.000,3727510.000,-630.939,11.1889,214,0
559219.000,3744300.000,-614.831,11.1818,1,0
567166.000,3739300.000,-119.901,11.1806,202,0
582369.000,3727320.000,-820.442,11.1779,136,0
565900.000,3740380.000,-670.665,11.1695,166,0
572911.000,3735750.000,-495.981,11.1686,117,0
559269.000,3743970.000,-50.434,11.1684,3,0
575914.000,3733260.000,-443.164,11.1638,81,0
568752.000,3738530.000,-478.235,11.1626,173,0
575424.000,3733840.000,-701.030,11.1588,87,0
577179.000,3732030.000,-316.734,11.1572,62,0
579745.000,3729640.000,-444.525,11.1512,164,0
578098.000,3731360.000,-639.162,11.1504,58,0
581148.000,3728040.000,-125.157,11.1471,104,0
578073.000,3731520.000,-834.036,11.1444,48,0
578803.000,3730470.000,-316.324,11.1428,99,0
577738.000,3731710.000,-639.289,11.1425,86,0
579181.000,3730320.000,-639.322,11.1422,71,0
550230.000,3749090.000,-23.925,11.1393,67,0
577360.000,3731860.000,-316.664,11.1347,39,0
578768.000,3730980.000,-1029.320,11.1298,130,0
564256.000,3741020.000,-55.430,11.1289,67,0
580745.000,3728700.000,-506.610,11.1253,167,0
561255.000,3743080.000,-565.159,11.1249,64,0
561191.000,3742830.000,-52.338,11.1117,41,0
575118.000,3734060.000,-635.913,11.1111,105,0
565749.000,3740360.000,-476.978,11.1075,168,0
584002.000,3725600.000,-478.312,11.1041,125,0
568529.000,3738410.000,-58.396,11.0998,17,0
577308.000,3732170.000,-704.474,11.0851,100,0
577403.000,3731900.000,-444.872,11.079,58,0
569719.000,3737720.000,-114.513,11.0767,131,0
580610.000,3728920.000,-636.856,11.0733,93,0
579923.000,3729470.000,-444.041,11.0725,106,0
581100.000,3728350.000,-505.605,11.0714,71,0
575343.000,3733740.000,-442.353,11.0698,48,0
581124.000,3728190.000,-313.132,11.0662,75,0
575153.000,3733910.000,-442.073,11.0657,99,0
560732.000,3743420.000,-627.141,11.0646,32,0
581321.000,3728210.000,-634.721,11.0631,144,0
582169.000,3727300.000,-500.202,11.0622,153,0
573066.000,3735750.000,-690.231,11.0453,128,0
586210.000,3723570.000,-449.675,11.044,163,0
565022.000,3740590.000,-113.586,11.0397,51,0
563424.000,3741630.000,-267.818,11.0392,59,0
578932.000,3730610.000,-703.881,11.0205,40,0
579677.000,3729750.000,-509.942,11.0203,102,0
583862.000,3725820.000,-607.546,11.0199,40,0
569176.000,3738260.000,-475.246,11.0167,177,0
566121.000,3740000.000,-236.224,11.01,147,0
585636.000,3724230.000,-646.013,11.0083,198,0
575649.000,3733530.000,-507.439,11.001,79,0
550035.000,3749820.000,-1238.000,10.9902,27,0
576787.000,3732530.000,-509.663,10.9894,106,0
579206.000,3730170.000,-444.618,10.9792,109,0
569869.000,3737720.000,-285.672,10.9766,118,0
562960.000,3741900.000,-265.764,10.9758,123,0
567082.000,3739890.000,-1072.440,10.9747,106,0
580188.000,3729380.000,-703.185,10.9737,105,0
565875.000,3740070.000,-117.210,10.969,37,0
581859.000,3727340.000,-124.263,10.9622,73,0
584317.000,3725030.000,-57.896,10.9615,100,0
575113.000,3733860.000,-314.535,10.9598,12,0
578597.000,3730800.000,-509.324,10.959,83,0
577428.000,3731750.000,-253.312,10.9584,23,0
570023.000,3737730.000,-470.080,10.9571,195,0
582741.000,3726630.000,-303.123,10.9477,46,0
562379.000,3742310.000,-379.917,10.9474,41,0
579947.000,3729310.000,-252.532,10.9443,54,0
579899.000,3729620.000,-639.286,10.9423,62,0
582785.000,3726680.000,-427.920,10.9395,86,0
578150.000,3731060.000,-253.168,10.9364,63,0
580899.000,3728680.000,-700.905,10.9362,132,0
567636.000,3739330.000,-679.228,10.9331,173,0
582418.000,3727020.000,-432.396,10.9287,89,0
572380.000,3736080.000,-425.828,10.9282,103,0
564307.000,3741110.000,-276.217,10.9278,105,0
586834.000,3722820.000,-211.340,10.9211,182,0
579515.000,3730130.000,-836.370,10.9206,57,0
610970.000,3699000.000,-60.469,10.9201,150,0
561136.000,3743360.000,-951.248,10.92,66,0
581835.000,3727490.000,-311.189,10.9181,78,0
582374.000,3726970.000,-306.679,10.9081,17,0
574888.000,3734170.000,-506.324,10.9034,89,0
571354.000,3737250.000,-1185.470,10.9025,156,0
577377.000,3732060.000,-639.511,10.8929,75,0
582443.000,3726860.000,-244.725,10.8921,86,0
567928.000,3739550.000,-1394.670,10.891,166,0
584205.000,3725630.000,-795.861,10.8852,49,0
587828.000,3722180.000,-617.057,10.8844,171,0
583793.000,3725920.000,-672.222,10.8834,103,0
552190.000,3748520.000,-718.552,10.8759,3,0
583153.000,3726340.000,-423.810,10.8757,126,0
563406.000,3741800.000,-572.680,10.8693,30,0
580591.000,3728720.000,-314.235,10.8665,78,0
566460.000,3739830.000,-298.531,10.8574,155,0
574205.000,3735120.000,-1089.110,10.8534,191,0
586054.000,3723590.000,-271.476,10.8509,132,0
574426.000,3734400.000,-251.004,10.8498,66,0
568205.000,3738830.000,-417.966,10.8439,18,0
605273.000,3704620.000,-60.937,10.8423,53,0
583495.000,3726160.000,-611.894,10.8345,126,0
571867.000,3736660.000,-803.445,10.8334,74,0
578305.000,3731040.000,-444.562,10.8313,42,0
578665.000,3730690.000,-444.467,10.8291,39,0
587143.000,3722910.000,-752.529,10.8274,168,0
577068.000,3732100.000,-253.405,10.8241,19,0
578339.000,3731430.000,-1094.610,10.8236,118,0
577789.000,3731400.000,-253.238,10.8203,11,0
571987.000,3736620.000,-869.710,10.8201,132,0
565435.000,3740830.000,-987.623,10.8185,11,0
575568.000,3733430.000,-252.051,10.8148,68,0
575268.000,3733850.000,-506.878,10.8124,100,0
584583.000,3724940.000,-286.891,10.8097,135,0
567904.000,3739060.000,-484.274,10.8095,32,0
587097.000,3722870.000,-626.380,10.8071,70,0
567299.000,3739510.000,-617.436,10.8066,12,0
568171.000,3738780.000,-294.803,10.8064,70,0
573890.000,3735140.000,-698.286,10.803,72,0
563315.000,3741890.000,-635.196,10.8026,19,0
574576.000,3734190.000,-125.588,10.7995,64,0
581302.000,3728020.000,-312.653,10.7982,10,0
583127.000,3726490.000,-616.289,10.7968,101,0
574461.000,3734250.000,-62.751,10.7963,108,0
584896.000,3724910.000,-658.740,10.7928,133,0
580034.000,3729400.000,-508.706,10.7907,21,0
576376.000,3733030.000,-702.709,10.7855,14,0
575983.000,3732950.000,-63.101,10.7846,41,0
570737.000,3737220.000,-407.810,10.7819,121,0
572089.000,3736320.000,-486.402,10.7801,92,0
564902.000,3740630.000,-56.340,10.7796,9,0
564175.000,3741390.000,-645.102,10.7766,25,0
566739.000,3739560.000,-119.962,10.7732,144,0
575049.000,3734360.000,-1025.060,10.773,139,0
584739.000,3724920.000,-470.062,10.7716,112,0
569446.000,3737990.000,-287.765,10.771,194,0
572020.000,3736210.000,-238.891,10.7664,79,0
562667.000,3742280.000,-632.804,10.7663,12,0
582345.000,3727470.000,-1015.990,10.7651,47,0
610906.000,3699120.000,-120.911,10.7635,28,0
567044.000,3739340.000,-60.093,10.7606,54,0
585310.000,3724620.000,-780.917,10.7604,138,0
582468.000,3726710.000,-61.181,10.76,86,0
574807.000,3734080.000,-251.347,10.7598,42,0
573928.000,3735190.000,-827.349,10.7569,109,0
574922.000,3734020.000,-314.271,10.7549,1,0
568103.000,3738680.000,-58.866,10.7509,60,0
580966.000,3728570.000,-635.797,10.7445,49,0
567793.000,3739350.000,-873.003,10.7441,141,0
563657.000,3741490.000,-269.118,10.7411,37,0
574048.000,3735130.000,-893.295,10.7264,163,0
569901.000,3737770.000,-406.681,10.7182,84,0
572999.000,3736110.000,-1206.770,10.716,58,0
576756.000,3732690.000,-703.916,10.7148,55,0
611153.000,3698830.000,-60.469,10.7131,135,0
581812.000,3727640.000,-503.060,10.7078,56,0
571422.000,3736900.000,-669.455,10.704,85,0
571200.000,3736790.000,-232.870,10.7038,84,0
580140.000,3729690.000,-1095.890,10.7026,74,0
585478.000,3724250.000,-459.309,10.7,97,0
564765.000,3740900.000,-400.287,10.6991,2,0
583634.000,3725940.000,-482.421,10.6951,117,0
580946.000,3728370.000,-313.449,10.6948,3,0
562803.000,3742060.000,-381.244,10.6923,75,0
579627.000,3730060.000,-902.182,10.6863,21,0
560517.000,3743550.000,-627.508,10.6856,5,0
575949.000,3733110.000,-252.406,10.6754,65,0
579652.000,3729910.000,-705.710,10.6745,35,0
567726.000,3739240.000,-614.183,10.6724,4,0
583913.000,3725510.000,-234.167,10.6715,16,0
579615.000,3729510.000,-63.294,10.664,29,0
583057.000,3726600.000,-681.253,10.6617,126,0
566184.000,3739850.000,-59.056,10.6584,76,0
566307.000,3739820.000,-118.925,10.6583,141,0
582759.000,3726830.000,-620.853,10.6574,48,0
560596.000,3743300.000,-260.041,10.6522,9,0
569599.000,3737760.000,-57.460,10.6489,75,0
581630.000,3728170.000,-1024.580,10.6393,17,0
582689.000,3726940.000,-686.085,10.6281,98,0
583374.000,3726570.000,-1065.880,10.6268,147,0
584801.000,3724630.000,-113.803,10.6207,12,0
584809.000,3724820.000,-405.690,10.6165,58,0
574663.000,3734490.000,-699.902,10.6162,39,0
577126.000,3732340.000,-704.724,10.615,3,0
581967.000,3727620.000,-696.140,10.6106,32,0
611335.000,3698660.000,-60.814,10.6067,193,0
570443.000,3737460.000,-469.573,10.5991,144,0
573380.000,3735760.000,-1082.020,10.5914,164,0
579232.000,3730020.000,-253.163,10.5901,62,0
589669.000,3720670.000,-921.330,10.5859,153,0
573537.000,3735760.000,-1277.540,10.5826,134,0
583520.000,3726000.000,-419.800,10.5805,17,0
573152.000,3735660.000,-627.071,10.5765,130,0
567479.000,3739320.000,-487.376,10.5761,154,0
581701.000,3727710.000,-438.889,10.5756,3,0
581369.000,3727910.000,-249.994,10.57,76,0
587580.000,3722130.000,-206.031,10.569,53,0
587868.000,3721890.000,-254.824,10.5595,112,0
585363.000,3724310.000,-398.041,10.5576,137,0
581456.000,3728000.000,-504.541,10.5546,70,0
586573.000,3723230.000,-445.446,10.5473,129,0
572174.000,3736220.000,-423.568,10.5432,147,0
573012.000,3735450.000,-123.160,10.5422,68,0
572329.000,3736230.000,-617.001,10.5362,59,0
575274.000,3734050.000,-830.411,10.5351,37,0
584432.000,3724970.000,-115.145,10.5344,128,0
568039.000,3739270.000,-1001.230,10.5336,64,0
568014.000,3738770.000,-118.204,10.5329,29,0
566028.000,3740090.000,-294.378,10.5259,60,0
587668.000,3722200.000,-432.743,10.5225,95,0
570597.000,3737460.000,-661.414,10.522,70,0
566400.000,3739730.000,-59.869,10.5171,32,0
585266.000,3724570.000,-653.230,10.5151,40,0
570793.000,3737080.000,-229.956,10.5076,58,0
585285.000,3724770.000,-976.242,10.5039,6,0
569600.000,3738000.000,-472.343,10.503,35,0
582969.000,3726510.000,-425.768,10.5,16,0
569295.000,3737990.000,-115.385,10.4999,119,0
571096.000,3737080.000,-601.930,10.4904,58,0
579318.000,3730110.000,-509.906,10.4832,96,0
572140.000,3736170.000,-299.367,10.4775,51,0
580942.000,3728720.000,-831.046,10.4691,24,0
573734.000,3735150.000,-503.351,10.469,132,0
566362.000,3740180.000,-806.139,10.4678,38,0
585107.000,3724590.000,-465.493,10.4637,102,0
585427.000,3724020.000,-55.588,10.4634,44,0
566616.000,3739600.000,-59.869,10.4631,59,0
580658.000,3728610.000,-251.262,10.46,32,0
567836.000,3738950.000,-237.352,10.4548,33,0
571936.000,3736770.000,-1063.140,10.4538,10,0
587554.000,3722270.000,-371.970,10.4458,81,0
579473.000,3730080.000,-705.685,10.4416,13,0
579489.000,3730280.000,-1032.650,10.4396,40,0
570557.000,3737170.000,-114.442,10.4391,102,0
584656.000,3724840.000,-228.994,10.4356,26,0
570849.000,3736940.000,-57.489,10.4318,70,0
570994.000,3737380.000,-987.476,10.4303,103,0
569733.000,3738200.000,-987.865,10.4283,15,0
585913.000,3723800.000,-390.405,10.4214,124,0
569199.000,3738760.000,-1383.410,10.4189,14,0
587704.000,3721940.000,-102.337,10.4147,41,0
581503.000,3727690.000,-124.807,10.4127,24,0
570752.000,3737470.000,-856.173,10.4066,4,0
566769.000,3739860.000,-681.051,10.4064,105,0
569788.000,3738060.000,-791.869,10.4059,19,0
570705.000,3737170.000,-286.910,10.4006,63,0
584966.000,3724800.000,-594.367,10.3963,98,0
569537.000,3737900.000,-229.839,10.3954,22,0
570380.000,3737360.000,-227.813,10.3904,49,0
585451.000,3724400.000,-649.945,10.39,34,0
585706.000,3724120.000,-581.712,10.3759,81,0
566613.000,3739850.000,-487.571,10.3723,99,0
583317.000,3725970.000,-119.020,10.3575,71,0
587370.000,3722440.000,-373.964,10.3563,106,0
570943.000,3737080.000,-409.730,10.3444,34,0
582237.000,3727190.000,-434.714,10.3393,14,0
590727.000,3719430.000,-602.607,10.3389,111,0
565994.000,3740290.000,-608.075,10.3371,9,0
573613.000,3735200.000,-437.961,10.3368,65,0
568997.000,3738450.000,-604.513,10.3274,86,0
570630.000,3737510.000,-790.777,10.3194,3,0
566925.000,3739880.000,-876.458,10.3188,97,0
571114.000,3737340.000,-1053.480,10.3179,82,0
583812.000,3726130.000,-995.333,10.3048,2,0
588030.000,3721870.000,-428.275,10.3035,94,0
571217.000,3737490.000,-1444.420,10.3001,20,0
586732.000,3723210.000,-630.961,10.2981,115,0
584598.000,3725140.000,-598.853,10.2901,19,0
569144.000,3738900.000,-1579.730,10.2827,76,0
581563.000,3728280.000,-1090.180,10.2819,33,0
574201.000,3734720.000,-440.782,10.2587,17,0
586773.000,3722920.000,-264.838,10.2587,65,0
588192.000,3721850.000,-611.826,10.2563,105,0
574281.000,3734810.000,-699.551,10.2535,14,0
586934.000,3722890.000,-441.228,10.2497,56,0
585844.000,3723910.000,-454.067,10.2483,65,0
587531.000,3722420.000,-558.746,10.245,53,0
590795.000,3719320.000,-541.190,10.2381,76,0
574195.000,3734520.000,-125.411,10.2349,32,0
570266.000,3737640.000,-597.443,10.2349,80,0
588588.000,3721220.000,-250.314,10.2188,78,0
587301.000,3722550.000,-437.008,10.2172,61,0
588917.000,3721160.000,-606.579,10.2161,85,0
611518.000,3698490.000,-60.814,10.2096,139,0
574362.000,3735110.000,-1284.360,10.2083,20,0
585796.000,3724220.000,-835.702,10.1752,45,0
590127.000,3719710.000,-198.688,10.1687,69,0
570684.000,3737370.000,-598.044,10.167,22,0
566863.000,3739770.000,-617.410,10.1629,18,0
566986.000,3739480.000,-240.372,10.1444,52,0
566243.000,3739960.000,-296.093,10.1405,20,0
592264.000,3717640.000,-208.882,10.1371,51,0
571052.000,3736790.000,-58.218,10.1246,16,0
585259.000,3724930.000,-1171.360,10.1096,36,0
570530.000,3737360.000,-406.203,10.0773,10,0
569331.000,3738270.000,-665.956,10.0721,31,0
573303.000,3735210.000,-61.933,10.0612,13,0
585024.000,3724500.000,-226.219,10.0443,16,0
589765.000,3720050.000,-199.041,10.0413,59,0
570846.000,3738070.000,-2034.870,10.0408,22,0
569053.000,3738300.000,-412.147,10.0312,7,0
584636.000,3725540.000,-1244.480,10.0246,8,0
585904.000,3723610.000,-108.994,10.0228,6,0
585760.000,3723820.000,-219.331,10.0205,12,0
